Artwork Name,Creator,Total Images,Small Images,Percentage,Slug,Artwork ID
"Bowl, 2014","Aino Nebel",2,2,100%,"image-2088","MnHq3gipaho0Iv07wn0bKc"
"Bowl, 2014","Aino Nebel",2,2,100%,"image-2132","MnHq3gipaho0Iv07wn0bPh"
"Bowl, 2015","Aino Nebel",2,2,100%,"image-2133","MnHq3gipaho0Iv07wn0bUm"
"Bowl, 2015","Aino Nebel",2,2,100%,"image-2140","MnHq3gipaho0Iv07wn0bZr"
"Delft","Aino Nebel",2,2,100%,"aino-nebel-delft-2015-porzellan-b-30cm","5Nnn2PqcEKG4dqRP9jCqDa"
"Kupferschale","Aino Nebel",2,2,100%,"aino-nebel-artwork-wn0c4l","MnHq3gipaho0Iv07wn0c4L"
"Plissee","Aino Nebel",2,2,100%,"aino-nebel-plissee-2015-porzellan-h-45-cm","5Nnn2PqcEKG4dqRP9jCq4I"
"Thin Tin","Aino Nebel",2,2,100%,"aino-nebel-thin-tin-2015-porzellan-b-15-cm","MnHq3gipaho0Iv07wn0bFX"
"Thin Tins","Aino Nebel",2,2,100%,"aino-nebel-thin-tins-2015-porzellan-h-6-30-cm","5Nnn2PqcEKG4dqRP9jCpze"
"Twist","Aino Nebel",2,2,100%,"aino-nebel-twist-2015-porzellan-h-25-cm","5Nnn2PqcEKG4dqRP9jCq8w"
"Wäschestück","Aino Nebel",2,2,100%,"aino-nebel-artwork-wn0bzg","MnHq3gipaho0Iv07wn0bzG"
"Bermuda","Angela Huebel",2,2,100%,"angela-huebel","hEWOpVV05Nk2Wkv6vKsLcF"
"Bond Wide","Angela Huebel",2,2,100%,"2014-tr-bond-breit-s-angela-huebel-ring","hEWOpVV05Nk2Wkv6vKsMJn"
"Cinque","Angela Huebel",2,2,100%,"angela-huebel-cinque-brillant","hEWOpVV05Nk2Wkv6vKsLtf"
"Domino","Angela Huebel",2,2,100%,"angela-huebel-schmuckdesign-ring-domino","hEWOpVV05Nk2Wkv6vKsLKp"
"Feuerwerk","Angela Huebel",2,2,100%,"angela-huebel-schmuckdesign-ring-feuerwerk","hEWOpVV05Nk2Wkv6vKsLPB"
"Liaison 1","Angela Huebel",2,2,100%,"angela-huebel-schmuckdesign-3154-liaison-1-mit-brillanten","hEWOpVV05Nk2Wkv6vKsLgb"
"Magic Sunshine","Angela Huebel",2,2,100%,"angela-huebel-magic-sunshine-amethyst","hEWOpVV05Nk2Wkv6vKsLy1"
"Mondschein","Angela Huebel",2,2,100%,"angela-huebel-schmuckdesign-3099-mondschein-mit-mondstein-gruen","hEWOpVV05Nk2Wkv6vKsLkx"
"Navette","Angela Huebel",2,2,100%,"angela-huebel-schmuckdesign-anhaenger-navette-schmal","hEWOpVV05Nk2Wkv6vKsLXt"
"Perl-Insel","Angela Huebel",2,2,100%,"angela-huebel-perl-insel-tahitiperle","hEWOpVV05Nk2Wkv6vKsM2N"
"Regatta","Angela Huebel",2,2,100%,"angela-huebel-regatta-tourmalin","hEWOpVV05Nk2Wkv6vKsM6j"
"Schatzinsel","Angela Huebel",2,2,100%,"angela-huebel-schmuckdesign-3128-schatzinsel-peridot","hEWOpVV05Nk2Wkv6vKsLpJ"
"Schatzinsel","Angela Huebel",2,2,100%,"angela-huebel-schmuckdesign-5057-ohrring-schatzinsel-brilliant-k","hEWOpVV05Nk2Wkv6vKsMO9"
"Schlossgarten","Angela Huebel",2,2,100%,"angela-huebel-schmuckdesign-ring-schlossgarten","hEWOpVV05Nk2Wkv6vKsLTX"
"Big cloak","Angelika Jansen",2,2,100%,"angelika-jansen-grosse-kumme-keramik","5Nnn2PqcEKG4dqRP9jCEpe"
"Bowl vase","Angelika Jansen",2,2,100%,"angelika-jansen-kugelvase-keramik","5Nnn2PqcEKG4dqRP9jCENm"
"Cone funnel","Angelika Jansen",2,2,100%,"angelika-jansen-kegeltrichter-keramik","5Nnn2PqcEKG4dqRP9jCE5C"
"Cone funnel","Angelika Jansen",2,2,100%,"angelika-jansen-kegeltrichter-ceramic","5Nnn2PqcEKG4dqRP9jCE9q"
"Cone funnel","Angelika Jansen",2,2,100%,"angelika-jansen-kegeltrichter-ceramic-art","5Nnn2PqcEKG4dqRP9jCEJ8"
"Four bowls","Angelika Jansen",2,2,100%,"angelika-jansen-vier-schalen-ceramic","5Nnn2PqcEKG4dqRP9jCEl0"
"Object","Angelika Jansen",2,2,100%,"angelika-jansen-keramikkunst-objekt3","5Nnn2PqcEKG4dqRP9jCDvu"
"Object","Angelika Jansen",2,2,100%,"angelika-jansen-objekt-ceramic","5Nnn2PqcEKG4dqRP9jCEbi"
"Object","Angelika Jansen",2,2,100%,"angelika-jansen-objekt-keramik","MnHq3gipaho0Iv07wmzyys"
"Storage vessel","Angelika Jansen",2,2,100%,"angelika-jansen-keramikkunst-aufbewahrungsgefaess","5Nnn2PqcEKG4dqRP9jCDrG"
"Storage vessel","Angelika Jansen",2,2,100%,"angelika-jansen-aufbewahrungsgefaess-keramik","5Nnn2PqcEKG4dqRP9jCE0Y"
"Storage vessel","Angelika Jansen",2,2,100%,"angelika-jansen-aufbewahrungsdose-keramik","5Nnn2PqcEKG4dqRP9jCEEU"
"Trophy vase","Angelika Jansen",2,2,100%,"angelika-jansen-pokalvase-keramik","5Nnn2PqcEKG4dqRP9jCEX4"
"Two Belly Vase","Angelika Jansen",2,2,100%,"angelika-jansen-zweibauchvase-keramik","5Nnn2PqcEKG4dqRP9jCESQ"
"Untitled","Angelika Jansen",2,2,100%,"angelika-jansen-keramikkunst-schale","5Nnn2PqcEKG4dqRP9jCDmc"
"Vase object","Angelika Jansen",2,2,100%,"angelika-jansen-vasenobjekt-ceramic","5Nnn2PqcEKG4dqRP9jCEgM"
"Vessel object","Angelika Jansen",2,2,100%,"angelika-jansen-gefaessobjekt-keramik","MnHq3gipaho0Iv07wmzz3x"
"Vessel object","Angelika Jansen",2,2,100%,"angelika-jansen-gefaess-objekt-keramik","MnHq3gipaho0Iv07wmzz92"
"Die Tänzer","Anne Fischer",2,2,100%,"anne-fischer-die-taenzer-silber-foto-brigitte-sauer-bearbeitet","hEWOpVV05Nk2Wkv6vKs3m7"
"Gefäß aus Bronze","Anne Fischer",2,2,100%,"1-anne-fischer-gefaess-aus-bronze-bronze-foto-brigitte-sauer-bearbeitet","MnHq3gipaho0Iv07wmzipz"
"Gefäß aus Bronze","Anne Fischer",2,2,100%,"3-anne-fischer-gefaess-aus-bronze-bronze-foto-brigitte-sauer-bearbeitet","MnHq3gipaho0Iv07wmziv4"
"Gefäß aus Farbe","Anne Fischer",2,2,100%,"7-anne-fischer-gefaess-aus-farbe-acrylfarbe-foto-brigitte-sauer-bearbeitet","MnHq3gipaho0Iv07wmzj5E"
"Gefäße aus Bronze","Anne Fischer",2,2,100%,"2-anne-fischer-2-gefaesse-aus-bronze-bronze-foto-brigitte-sauer-bearbeitet","MnHq3gipaho0Iv07wmziku"
"Gefäße aus Farbe","Anne Fischer",2,2,100%,"5-anne-fischer-gefaesse-aus-acrylfarbe-foto-brigitte-sauer-bearbeitet","MnHq3gipaho0Iv07wmzj09"
"Gefäße aus Farbe","Anne Fischer",2,2,100%,"6-anne-fischer-gefaesse-aus-farbe-acrylfarbe-foto-eva-jager-bearbeitet","MnHq3gipaho0Iv07wmzjAJ"
"Konstrukt","Anne Fischer",2,2,100%,"10-anne-fischer-konstrukt-silber-foto-eva-janger-bearbeitet","hEWOpVV05Nk2Wkv6vKs3qT"
"Malerische Gabeln","Anne Fischer",2,2,100%,"anne-fischer-gemalte-gabeln-silber-acrylfarbe-foto-brigitte-sauer-bearbeitet","MnHq3gipaho0Iv07wmzjUd"
"Malerische Gabeln","Anne Fischer",2,2,100%,"anne-fischer-gemalte-gabeln-silber-foto-brigitte-sauer-bearbeitet","hEWOpVV05Nk2Wkv6vKs3hl"
"Mann, Frau, Kind, Gouvernante","Anne Fischer",2,2,100%,"anne-fischer-mann-frau-kind-gouvernante-silber-stahlklinge-foto-brigitte-sauer-bearbeitet","MnHq3gipaho0Iv07wmzjPY"
"Serving forks","Anne Fischer",2,2,100%,"anne-fischer-vorlegegabeln-silber-foto-brigitte-sauer-bearbeitet3","MnHq3gipaho0Iv07wmzjKT"
"Serving spoon","Anne Fischer",2,2,100%,"anne-fischer-vorlegeloeffel-silber-foto-brigitte-sauer-bearbeitet","MnHq3gipaho0Iv07wmzjFO"
"Vessel","Anne Fischer",2,2,100%,"8-anne-fischer-gefaess-wolle-und-plastik-foto-brigitte-sauer-bearbeitet","MnHq3gipaho0Iv07wmzifp"
"Alloy 925","Anne Ute Kaden",2,2,100%,"anne-ute-kaden-schmuck-alloy-925-5","5Nnn2PqcEKG4dqRP9jCGmQ"
"Alloy 925","Anne Ute Kaden",2,2,100%,"anne-ute-kaden-schmuck-alloy-925-6","5Nnn2PqcEKG4dqRP9jCGr4"
"Alloy 925","Anne Ute Kaden",2,2,100%,"anne-ute-kaden-schmuck-alloy-925-7","5Nnn2PqcEKG4dqRP9jCGvi"
"Alloy 925","Anne Ute Kaden",2,2,100%,"anne-ute-kaden-schmuck-alloy-925-9","5Nnn2PqcEKG4dqRP9jCH50"
"Alloy 925","Anne Ute Kaden",2,2,100%,"anne-ute-kaden-schmuck-alloy-925-10","5Nnn2PqcEKG4dqRP9jCH9e"
"Alloy 925","Anne Ute Kaden",2,2,100%,"anne-ute-kaden-schmuck-alloy-925-11","5Nnn2PqcEKG4dqRP9jCHEI"
"Alloy 925","Anne Ute Kaden",2,2,100%,"anne-ute-kaden-schmuck-alloy-925-3","MnHq3gipaho0Iv07wn00SK"
"Alloy 925","Anne Ute Kaden",2,2,100%,"anne-ute-kaden-schmuck-alloy-925-4","MnHq3gipaho0Iv07wn00XP"
"Wedding rings","Anne Ute Kaden",2,2,100%,"anne-ute-kaden-schmuck-alloy-925-8","5Nnn2PqcEKG4dqRP9jCH0M"
"Blätterkette Silberpappel","Annette Lechler",2,2,100%,"annette-lechler-schmuck027-mkuenzli-mg-6758","hEWOpVV05Nk2Wkv6vKsSZN"
"Blätterring","Annette Lechler",2,2,100%,"annette-lechler-schmuck-mkuenzli-mg-7310-o","hEWOpVV05Nk2Wkv6vKsSmR"
"Kleine Welle","Annette Lechler",2,2,100%,"annette-lechler-schmuck-mkuenzli-mg-7279","5Nnn2PqcEKG4dqRP9jCTDW"
"Schalenverkettung 1","Annette Lechler",2,2,100%,"annette-lechler-schmuckdesign-schalenverkettung1","hEWOpVV05Nk2Wkv6vKsRwB"
"Schalenverkettung 3 – Quadrifolia","Annette Lechler",2,2,100%,"annette-lechler-schmuckdesign-schalenverkettung-verschiedene-positionen-3","hEWOpVV05Nk2Wkv6vKsS4t"
"Schalenverkettung 3 – Quadrifolia","Annette Lechler",2,2,100%,"annette-lechler-schmuckdesign-schalenverkettung-2","hEWOpVV05Nk2Wkv6vKsS9F"
"Sipa","Annette Lechler",2,2,100%,"annette-lechler-blaetterkette-sipa","hEWOpVV05Nk2Wkv6vKsSDb"
"Teichrose","Annette Lechler",2,2,100%,"annette-lechler-schmuckmkuenzli-mg-7102","5Nnn2PqcEKG4dqRP9jCT4E"
"Vier-Ring","Annette Lechler",2,2,100%,"annette-lechler-schmuckmkuenzli-mg-7161","5Nnn2PqcEKG4dqRP9jCT8s"
"cercle ouvert. silver","Annette Lechler",2,2,100%,"annette-lechler-schmuck-mkuenzli-mg-7455","hEWOpVV05Nk2Wkv6vKsSi5"
"pas de deux","Annette Lechler",2,2,100%,"annette-lechler-schmuck021-mkuenzli-mg-6787","hEWOpVV05Nk2Wkv6vKsSQf"
"Double circles","Batho Gündra",2,2,100%,"batho-guendra-doppelkreise","hEWOpVV05Nk2Wkv6vKsAJ7"
"Little Barrels","Batho Gündra",2,2,100%,"batho-guendra-toennchenkette-2","hEWOpVV05Nk2Wkv6vKsA63"
"Sun and Moon","Batho Gündra",2,2,100%,"batho-guendra-halskette-sonne-mond-detail","hEWOpVV05Nk2Wkv6vKsA1h"
"Tönnchenkette","Batho Gündra",2,2,100%,"batho-guendra-toennchenkette-profilbild-bearbeitet","hEWOpVV05Nk2Wkv6vKsANT"
"Bangle","Beate Brinkmann",2,2,100%,"beate-brinkmann-armreif-silber-gold","5Nnn2PqcEKG4dqRP9jBhPu"
"Endless","Beate Brinkmann",2,2,100%,"beate-brinkmann-bangle-endless-2","5Nnn2PqcEKG4dqRP9jBh2g"
"Endless","Beate Brinkmann",2,2,100%,"beate-brinkmann-ring-endless-2","5Nnn2PqcEKG4dqRP9jBh7K"
"Untitled","Beate Brinkmann",2,2,100%,"beate-brinkmann-perle","5Nnn2PqcEKG4dqRP9jBhBy"
"bangle","Beate Brinkmann",2,2,100%,"beate-brinkmann-armreif-silber","5Nnn2PqcEKG4dqRP9jBhGc"
"bangles","Beate Brinkmann",2,2,100%,"beate-brinkmann-armreifen","5Nnn2PqcEKG4dqRP9jBhLG"
"Printed Matter","Beate Eismann",2,2,100%,"beate-eismann-04","MnHq3gipaho0Iv07wmzfiv"
"Printed Matter","Beate Eismann",2,2,100%,"beate-eismann-050","MnHq3gipaho0Iv07wmzft5"
"Printed Matter","Beate Eismann",2,2,100%,"beate-eismann-030","MnHq3gipaho0Iv07wmzfyA"
"Printed Matter","Beate Eismann",2,2,100%,"beate-eismann-020","MnHq3gipaho0Iv07wmzg3F"
"Reif?","Beate Eismann",2,2,100%,"eisman-11","MnHq3gipaho0Iv07wmzezC"
"Reif?","Beate Eismann",2,2,100%,"eismann-06","MnHq3gipaho0Iv07wmzf4H"
"Reif?","Beate Eismann",2,2,100%,"eismann-07","MnHq3gipaho0Iv07wmzf9M"
"Reif?","Beate Eismann",2,2,100%,"eismann-08","MnHq3gipaho0Iv07wmzfER"
"Reif?","Beate Eismann",2,2,100%,"eismann-09","MnHq3gipaho0Iv07wmzfJW"
"Reif?","Beate Eismann",2,2,100%,"eismann-10","MnHq3gipaho0Iv07wmzfOb"
"Bottle vase, 2016","Bernard Heesen",2,2,100%,"bernard-heesen-flaschenvase-2016","hEWOpVV05Nk2Wkv6vKsAjF"
"Mirror, 2012","Bernard Heesen",2,2,100%,"bernard-heesen-spiegel-mirror","hEWOpVV05Nk2Wkv6vKsAWB"
"Two bottle vases, 2016","Bernard Heesen",2,2,100%,"bernard-heesen-flaschenvasen-2016","hEWOpVV05Nk2Wkv6vKsAet"
"Vase object, 1997","Bernard Heesen",2,2,100%,"bernard-heesen-vasenobjekt-1997","hEWOpVV05Nk2Wkv6vKsARp"
"Vase object, 2016","Bernard Heesen",2,2,100%,"bernard-heesen-vasenobjekt-2016","hEWOpVV05Nk2Wkv6vKsAaX"
"Vase, 2015","Bernard Heesen",2,2,100%,"bernard-heesen-vase-2015","hEWOpVV05Nk2Wkv6vKsAnb"
"Bosna Quilt 2015/45, designed by Lucia, overstitched by Mirza K, 100 x 117 cm","Bosna Quilt Werkstatt",2,2,100%,"bosna-quilt-werkstatt-2015-45-lucia-und-mirza","hEWOpVV05Nk2Wkv6vKrvuN"
"Bosna Quilt 2018/21, designed by Lucia, overstitched by Vesna, 78 x 109 cm","Bosna Quilt Werkstatt",2,2,100%,"bosna-quilt-werkstatt-2018-21-lucia-und-vesna","hEWOpVV05Nk2Wkv6vKrvyj"
"Bosna Quilt 2018/25, designed by Lucia, overstitched by Mirza K, 88 x 116 cm","Bosna Quilt Werkstatt",2,2,100%,"bosna-quilt-werkstatt-2018-25-lucia-und-mirza-k","hEWOpVV05Nk2Wkv6vKrw35"
"Bosna Quilt 2019/18, designed by Lucia, overstitched by Vesna, 107 x 141 cm","Bosna Quilt Werkstatt",2,2,100%,"bosna-quilt-werkstatt-2019-18-lucia-und-vesna","hEWOpVV05Nk2Wkv6vKrw7R"
"Bosna Quilt 2019/19, designed by Lucia, overstitched by Sada, 128 x 133 cm","Bosna Quilt Werkstatt",2,2,100%,"bosna-quilt-werkstatt-2019-19-lucia-und-sada","hEWOpVV05Nk2Wkv6vKrwBn"
"Bosna Quilt 2019/27, designed by Lucia, overstitched by Vesna, 137 x 172 cm","Bosna Quilt Werkstatt",2,2,100%,"bosna-quilt-werkstatt-2019-27-lucia-und-vesna","hEWOpVV05Nk2Wkv6vKrwG9"
"Bosna Quilt 2019/39, designed by Lucia, overstitched by Sabina, 83 x 94 cm","Bosna Quilt Werkstatt",2,2,100%,"bosna-quilt-werkstatt-2019-39-lucia-und-sabina","hEWOpVV05Nk2Wkv6vKrwKV"
"Bosna Quilt 2019/66, designed by Lucia, overstitched by Hedija, 100 x 107 cm","Bosna Quilt Werkstatt",2,2,100%,"bosna-quilt-werkstatt-2019-66-lucia-und-hedija","hEWOpVV05Nk2Wkv6vKrwOr"
"Bosna Quilt 2019/67, designed by Lucia, overstitched by Safira, 113 x 123 cm","Bosna Quilt Werkstatt",2,2,100%,"bosna-quilt-werkstatt-2019-67-lucia-und-safira","MnHq3gipaho0Iv07wmzXrB"
"Bosna Quilt 2019/78, designed by Lucia, overstitched by Munira, 140 x 140 cm","Bosna Quilt Werkstatt",2,2,100%,"bosna-quilt-werkstatt-2019-78-lucia-und-munira","MnHq3gipaho0Iv07wmzXwG"
"Bosna Quilt 2020/01, designed by Lucia, overstitched by Sevala, 83 x 141 cm","Bosna Quilt Werkstatt",2,2,100%,"bosna-quilt-werkstatt-2020-01-lucia-und-sevala","MnHq3gipaho0Iv07wmzY1L"
"Bosna Quilt 2020/05, designed by Lucia, overstitched by Sada, 100 x 165 cm","Bosna Quilt Werkstatt",2,2,100%,"bosna-quilt-werkstatt-2020-05-lucia-und-sada","MnHq3gipaho0Iv07wmzY6Q"
"Bosna Quilt 2020/08, designed by Lucia, overstitched by Mirza K, 82 x 108 cm","Bosna Quilt Werkstatt",2,2,100%,"bosna-quilt-werkstatt-2020-08-lucia-und-mirza-k","MnHq3gipaho0Iv07wmzYBV"
"Bosna Quilt 2020/15, designed by Lucia, overstitched by Munira, 133 x 140 cm","Bosna Quilt Werkstatt",2,2,100%,"bosna-quilt-werkstatt-2020-15-lucia-und-munira","MnHq3gipaho0Iv07wmzYGa"
"Untitled","Bosna Quilt Werkstatt",2,2,100%,"bosna-quilt","hEWOpVV05Nk2Wkv6vKrvq1"
"1a","Carl Dau",2,2,100%,"carl-dau-miniatur-1a","5Nnn2PqcEKG4dqRP9jBobq"
"2","Carl Dau",2,2,100%,"carl-dau-blaue-miniatur","5Nnn2PqcEKG4dqRP9jBqG2"
"2a","Carl Dau",2,2,100%,"carl-dau-miniatur-2a","5Nnn2PqcEKG4dqRP9jBoXC"
"MK-G 1","Carl Dau",2,2,100%,"carl-dau-jewelry-manschettenknoepfe-mk-g-1","5Nnn2PqcEKG4dqRP9jBqKg"
"hsn-ff","Carl Dau",2,2,100%,"carl-dau-hsn-ff","5Nnn2PqcEKG4dqRP9jBqTy"
"sk-k","Carl Dau",2,2,100%,"carl-dau-kette-sk-k-1-2","5Nnn2PqcEKG4dqRP9jBoEc"
"sk-v","Carl Dau",2,2,100%,"carl-dau-kette-sk-v-1-2","5Nnn2PqcEKG4dqRP9jBoNu"
"sr-a","Carl Dau",2,2,100%,"carl-dau-ringe-sr-a","5Nnn2PqcEKG4dqRP9jBqYc"
"sr-fs","Carl Dau",2,2,100%,"carl-dau-ringe-sr-fs-12b-11bti","5Nnn2PqcEKG4dqRP9jBqdG"
"sr-g 2","Carl Dau",2,2,100%,"carl-dau-ring-sr-g-2","5Nnn2PqcEKG4dqRP9jBoJG"
"sr-l","Carl Dau",2,2,100%,"carl-dau-ringe-sr-l-11-12","5Nnn2PqcEKG4dqRP9jBqhu"
"sr-vi 1","Carl Dau",2,2,100%,"carl-dau-ring-sr-vi-1","5Nnn2PqcEKG4dqRP9jBo9y"
"sr-wa","Carl Dau",2,2,100%,"carl-dau-ringe-sr-wa","5Nnn2PqcEKG4dqRP9jBqmY"
"Surfaces and Angles","Christof Lungwitz",2,2,100%,"christof-lungwitz-flaeche-winkel","MnHq3gipaho0Iv07wn0H5h"
"Tray with cups","Christof Lungwitz",2,2,100%,"schale-mit-bechern","MnHq3gipaho0Iv07wn0HaB"
"Untitled","Christof Lungwitz",2,2,100%,"schale-blf0372","MnHq3gipaho0Iv07wn0HQ1"
"Untitled","Christof Lungwitz",2,2,100%,"schale-blf0373","MnHq3gipaho0Iv07wn0HV6"
"Surf","Claudia Hoppe",2,2,100%,"claudia-hoppe","hEWOpVV05Nk2Wkv6vKsJEB"
"colorfields","Claudia Hoppe",2,2,100%,"claudia-hoppe-armreife-colorfields","hEWOpVV05Nk2Wkv6vKsJVb"
"ice","Claudia Hoppe",2,2,100%,"claudia-hoppe-armreife-ice-und-ice-gold","hEWOpVV05Nk2Wkv6vKsJeJ"
"q","Claudia Hoppe",2,2,100%,"claudia-hoppe-armreife-q-und-x","hEWOpVV05Nk2Wkv6vKsJIX"
"s","Claudia Hoppe",2,2,100%,"claudia-hoppe-armreife-s-und-blink","hEWOpVV05Nk2Wkv6vKsLGT"
"stripes","Claudia Hoppe",2,2,100%,"claudia-hoppe-armreife-stripes","hEWOpVV05Nk2Wkv6vKsJif"
"BLOSSOM","Claudia Milić",2,2,100%,"claudia-milic-schmuckdesign-kette-blossom-silber-925-rhodiniert","MnHq3gipaho0Iv07wn0RAc"
"Bracelet","Claudia Milić",2,2,100%,"claudia-milic-schmuckdesign-armband-silber-925-schwarz-rhodiniert-gold-750","MnHq3gipaho0Iv07wn0RKm"
"FEATHER","Claudia Milić",2,2,100%,"claudia-milic-schmuckdesign-kette-feather","MnHq3gipaho0Iv07wn0RPr"
"FEATHER","Claudia Milić",2,2,100%,"claudia-milic-schmuckdesign-kette-feather-twin","MnHq3gipaho0Iv07wn0RkB"
"FEATHER","Claudia Milić",2,2,100%,"claudia-milic-schmuckdesign-ohrringe-feather","MnHq3gipaho0Iv07wn0RuL"
"FINE TASSEL","Claudia Milić",2,2,100%,"claudia-milic-schmuckdesign-kette-tassel-twin-gold","MnHq3gipaho0Iv07wn0S9a"
"KNOTTY","Claudia Milić",2,2,100%,"claudia-milic-schmuckdesign-kette-knotty-silber-925-rhodiniert","MnHq3gipaho0Iv07wn0RFh"
"PARROT","Claudia Milić",2,2,100%,"claudia-milic-schmuckdesign-ohrringe-parrot-gold","MnHq3gipaho0Iv07wn0RUw"
"PARROT","Claudia Milić",2,2,100%,"claudia-milic-schmuckdesign-ohrringe-parrot","MnHq3gipaho0Iv07wn0Ra1"
"PAVO","Claudia Milić",2,2,100%,"claudia-milic-schmuckdesign-ohrringe-pavo","MnHq3gipaho0Iv07wn0Rf6"
"SIARA","Claudia Milić",2,2,100%,"claudia-milic-schmuckdesign-collier-siara","MnHq3gipaho0Iv07wn0SEf"
"SIARA","Claudia Milić",2,2,100%,"claudia-milic-schmuckdesign-ohrringe-siara","MnHq3gipaho0Iv07wn0SJk"
"SPARROW","Claudia Milić",2,2,100%,"claudia-milic-schmuckdesign-ohrringe-sparrow","MnHq3gipaho0Iv07wn0RpG"
"TASSEL","Claudia Milić",2,2,100%,"claudia-milic-schmuckdesign-kette-tassel-twin","MnHq3gipaho0Iv07wn0S4V"
"TWIST","Claudia Milić",2,2,100%,"claudia-milic-schmuckdesign-kette-twist-gold","MnHq3gipaho0Iv07wn0RzQ"
"WATER","Claudia Milić",2,2,100%,"claudia-milic-schmuckdesign-kette-water-silber-925-rhodiniert","5Nnn2PqcEKG4dqRP9jCgva"
"Achter-Armband-Kette","Corinna Heller",2,2,100%,"corinna-heller-jewelry-schmuck-achter","hEWOpVV05Nk2Wkv6vKsDor"
"Bangles, forged","Corinna Heller",2,2,100%,"corinna-heller-armspangen-art-aurea","hEWOpVV05Nk2Wkv6vKsDOj"
"Einperler","Corinna Heller",2,2,100%,"corinna-heller-jewelry-schmuck-ringe-einperler","MnHq3gipaho0Iv07wmzlho"
"Einsteiner","Corinna Heller",2,2,100%,"corinna-heller-einsteiner","hEWOpVV05Nk2Wkv6vKsDKN"
"Havanna","Corinna Heller",2,2,100%,"corinna-heller-havanna-inhorgenta-award-2019-art-aurea","hEWOpVV05Nk2Wkv6vKsDT5"
"Havanna","Corinna Heller",2,2,100%,"corinna-heller-ring-havanna-art-aurea","hEWOpVV05Nk2Wkv6vKsDXR"
"Herz im Kreuz","Corinna Heller",2,2,100%,"corinna-heller-jewelry-schmuck-herz","hEWOpVV05Nk2Wkv6vKsDkV"
"Starcrosser","Corinna Heller",2,2,100%,"corinna-heller-starcrosser-art-aurea","MnHq3gipaho0Iv07wmzlcj"
"Unita","Corinna Heller",2,2,100%,"corinna-heller-jewelry-schmuck-unita","hEWOpVV05Nk2Wkv6vKsDg9"
"Vielsteiner","Corinna Heller",2,2,100%,"corinna-heller-jewelry-schmuck-ringe-vielsteiner","hEWOpVV05Nk2Wkv6vKsDxZ"
"Catching the Sun","Dominique Labordery",2,2,100%,"4-catching-the-sun-300dpi","5Nnn2PqcEKG4dqRP9jCQ4Q"
"Leading","Dong-Hyun Kim",2,2,100%,"donghyun-kim-vase-leading-2021-schmiedekunst-art-aurea","5Nnn2PqcEKG4dqRP9jCO30"
"Leaning II","Dong-Hyun Kim",2,2,100%,"donghyun-kim-vase-leaning-ii-2021-schmiedekunst-art-aurea","5Nnn2PqcEKG4dqRP9jCNfm"
"Leisurely","Dong-Hyun Kim",2,2,100%,"donghyun-kim-vase-leisurely-2021-schmiedekunst-art-aurea","5Nnn2PqcEKG4dqRP9jCNb8"
"Openly","Dong-Hyun Kim",2,2,100%,"donghyun-kim-openly-2021-schmiedekunst-art-aurea","5Nnn2PqcEKG4dqRP9jCNyM"
"Sharing","Dong-Hyun Kim",2,2,100%,"dong-hyun-kim-sharing","MnHq3gipaho0Iv07wn02zp"
"Supporting","Dong-Hyun Kim",2,2,100%,"donghyun-kim-supporting-2021-schmiedekunst-art-aurea","5Nnn2PqcEKG4dqRP9jCNkQ"
"Watering I","Dong-Hyun Kim",2,2,100%,"dong-hyun-kim-watering-iv","5Nnn2PqcEKG4dqRP9jCO7e"
"Watering I","Dong-Hyun Kim",2,2,100%,"dong-hyun-kim-watering-neu","5Nnn2PqcEKG4dqRP9jCOCI"
"Watering I","Dong-Hyun Kim",2,2,100%,"dong-hyun-kim-watering-iv-dong-hyun-kim-wn02uk","MnHq3gipaho0Iv07wn02uk"
"Watering II","Dong-Hyun Kim",2,2,100%,"dong-hyun-kim-watering-ii","MnHq3gipaho0Iv07wn02pf"
"Watering IV","Dong-Hyun Kim",2,2,100%,"dong-hyun-kim-watering-iv-dong-hyun-kim-wn034u","MnHq3gipaho0Iv07wn034u"
"Watering VIII","Dong-Hyun Kim",2,2,100%,"donghyun-kim-kanne-watering-viii-2019-schmiedekunst-art-aurea","5Nnn2PqcEKG4dqRP9jCNp4"
"Watering VIII","Dong-Hyun Kim",2,2,100%,"donghyun-kim-kanne-watering-viii-2019-schmiedekunst-art-aurea","5Nnn2PqcEKG4dqRP9jCNti"
"Meter-wise Blume","Dorothea Brill",2,2,100%,"dorothea-brill-meter-weise-blume-schmuckdesign-german-design-award-winner-2018","MnHq3gipaho0Iv07wmzYau"
"Meter-wise Collier","Dorothea Brill",2,2,100%,"dorothea-brill-meter-weise-hals-arm-schmuck-schmuckdesign-german-design-award-winner-2018","MnHq3gipaho0Iv07wmzYLf"
"Meter-wise Collier","Dorothea Brill",2,2,100%,"dorothea-brill-meter-weise-collier-schmuck-schmuckdesign-german-design-award-winner-2018","MnHq3gipaho0Iv07wmzYQk"
"Meter-wise Dana","Dorothea Brill",2,2,100%,"dorothea-brill-meter-weise-dana-schmuck-schmuckdesign-german-design-award-winner-2018","MnHq3gipaho0Iv07wmzYq9"
"Meter-wise Drei Wellen","Dorothea Brill",2,2,100%,"dorothea-brill-meter-weise-drei-wellen-schmuck-schmuckdesign","MnHq3gipaho0Iv07wmzYvE"
"Meter-wise Ladakh","Dorothea Brill",2,2,100%,"dorothea-brill-meter-weise-ladakh-schmuckdesign-jewelry-german-design-award-winner-2018","MnHq3gipaho0Iv07wmzYfz"
"Meter-wise Ladakh","Dorothea Brill",2,2,100%,"dorothea-brill-meter-weise-ladakh-jewelry-schmuckdesign-german-design-award-winner-2018","MnHq3gipaho0Iv07wmzYl4"
"Meter-wise Twin","Dorothea Brill",2,2,100%,"dorothea-brill-meter-weise-twin-schmuckdesign-german-design-award-winner-2018","MnHq3gipaho0Iv07wmzZ0J"
"Propeller","Dorothea Brill",2,2,100%,"dorothea-brill-ringe-propeller-jewelry-schmuckdesign","MnHq3gipaho0Iv07wmzZFY"
"Propeller","Dorothea Brill",2,2,100%,"dorothea-brill-propeller-jewelry-schmuckdesign","MnHq3gipaho0Iv07wmzZKd"
"Sewing Dach-Terrasse mit Sonne","Dorothea Brill",2,2,100%,"dorothea-brill-dachterrasse-mit-sonne-ringe-schmuckdesign","MnHq3gipaho0Iv07wmzZ5O"
"Sewing Dach-Terrasse mit Sonne","Dorothea Brill",2,2,100%,"dorothea-brill-dachterrasse-mit-sonne-jewelry-ringe-schmuckdesign","MnHq3gipaho0Iv07wmzZAT"
"Cluster 16-05","Emil Heger",2,2,100%,"emil-heger-keramik-06-cluster","hEWOpVV05Nk2Wkv6vKsDG1"
"Thrown Shape","Emil Heger",2,2,100%,"emil-heger-keramik-03-drehform","hEWOpVV05Nk2Wkv6vKsD2x"
"Thrown Shapes","Emil Heger",2,2,100%,"emil-heger-keramik-02-drehformen","hEWOpVV05Nk2Wkv6vKsCyb"
"3-in-one","Emquies Holstein",2,2,100%,"emquies-holstein-3-in-one-ring-dark-silver","5Nnn2PqcEKG4dqRP9jByLi"
"3-in-one","Emquies Holstein",2,2,100%,"emquies-holstein-3-in-one-ring-matt-silver","5Nnn2PqcEKG4dqRP9jByQM"
"3-in-one","Emquies Holstein",2,2,100%,"emquies-holstein-3-in-one-ring-silver-goldplated","5Nnn2PqcEKG4dqRP9jByV0"
"Bubble Gum 1","Emquies Holstein",2,2,100%,"emquies-holstein-bubble-gum-ring1-pink-lacquered-silver","5Nnn2PqcEKG4dqRP9jC17a"
"Bubble Gum 2","Emquies Holstein",2,2,100%,"emquies-holstein-bubble-gum-ring2-pink-lacquered-silver","5Nnn2PqcEKG4dqRP9jC1CE"
"Bubble Gum 3","Emquies Holstein",2,2,100%,"emquies-holstein-bubble-gum-ring3pink-lacquered-silver","5Nnn2PqcEKG4dqRP9jC1Gs"
"Flamenco","Emquies Holstein",2,2,100%,"emquies-holstein-flamenco-ring-18kt-gold","5Nnn2PqcEKG4dqRP9jByZe"
"Flamenco","Emquies Holstein",2,2,100%,"emquies-holstein-flamenco-earstuds-18kt-gold","5Nnn2PqcEKG4dqRP9jC0WQ"
"Love ring","Emquies Holstein",2,2,100%,"emquies-holstein-love-ring-18kt-gold","5Nnn2PqcEKG4dqRP9jC0yI"
"Love ring","Emquies Holstein",2,2,100%,"emquies-holstein-love-ring-18kt-gold-on-hand","5Nnn2PqcEKG4dqRP9jC12w"
"Trash","Emquies Holstein",2,2,100%,"emquies-holstein-trash-broche-silver","5Nnn2PqcEKG4dqRP9jC0b4"
"Trash","Emquies Holstein",2,2,100%,"emquies-holstein-trash-ring-silver","5Nnn2PqcEKG4dqRP9jC0fi"
"Treasure Island","Emquies Holstein",2,2,100%,"emquies-holstein-treasure-island-ring-18kt-gold","5Nnn2PqcEKG4dqRP9jC0kM"
"Treasure Island","Emquies Holstein",2,2,100%,"emquies-holstein-treasure-island-earrings-18kt-gold","5Nnn2PqcEKG4dqRP9jC0p0"
"Treasure Island","Emquies Holstein",2,2,100%,"emquis-holstein-treasure-island-earstuds-18kt-gold","5Nnn2PqcEKG4dqRP9jC0te"
"Flügelschlag","Felicia Mülbaier",2,2,100%,"felicia-muelbaier-fluegelschlag-brosche","5Nnn2PqcEKG4dqRP9jC47O"
"Lakaien","Felicia Mülbaier",2,2,100%,"felicia-muelbaier-lakaien-objekte","5Nnn2PqcEKG4dqRP9jC3oo"
"Luftstrom","Felicia Mülbaier",2,2,100%,"felicia-muelbaier-ringe","5Nnn2PqcEKG4dqRP9jC4C2"
"Physis","Felicia Mülbaier",2,2,100%,"felicia-muelbaier-physis-brosche","5Nnn2PqcEKG4dqRP9jC3tS"
"Rideau","Felicia Mülbaier",2,2,100%,"felicia-muelbaier-rideau-anhaenger","5Nnn2PqcEKG4dqRP9jC3fW"
"Schild","Felicia Mülbaier",2,2,100%,"felicia-muelbaier-schild-brosche","5Nnn2PqcEKG4dqRP9jC3y6"
"Spiegel","Felicia Mülbaier",2,2,100%,"felicia-muelbaier-spiegel-brosche","5Nnn2PqcEKG4dqRP9jC3as"
"Vom Auffinden","Felicia Mülbaier",2,2,100%,"felicia-muelbaier-vom-auffinden-anhaenger","5Nnn2PqcEKG4dqRP9jC42k"
"Vom letzten Winter","Felicia Mülbaier",2,2,100%,"felicia-muelbaier-vom-letzten-winter","5Nnn2PqcEKG4dqRP9jC1wg"
"aus der Zeit gewebt","Felicia Mülbaier",2,2,100%,"felicia-muelbaier-aus-der-zeit-gewebt","5Nnn2PqcEKG4dqRP9jC3kA"
"Cylinder Magnet","Fine Light",2,2,100%,"fine-light-04-cylinder-magnet-bracelet","hEWOpVV05Nk2Wkv6vKs1O3"
"Cylinder Magnet Bracelet","Fine Light",2,2,100%,"fine-light-09-cylinder-magnet-bracelet","hEWOpVV05Nk2Wkv6vKs1fT"
"Hair","Fine Light",2,2,100%,"fine-light-05-hair-necklace","hEWOpVV05Nk2Wkv6vKs1Wl"
"Knot Anklet","Fine Light",2,2,100%,"fine-light-12-knot-anklet","hEWOpVV05Nk2Wkv6vKs1sX"
"Knot Necklace","Fine Light",2,2,100%,"fine-light-06-knot-necklace","hEWOpVV05Nk2Wkv6vKs1SP"
"Single Cuff","Fine Light",2,2,100%,"fine-light-03b-single-cuff","hEWOpVV05Nk2Wkv6vKs1FL"
"Thick Cuffs","Fine Light",2,2,100%,"fine-light-03a-thick-cuffs-worn-night","hEWOpVV05Nk2Wkv6vKs25b"
"Formfeld 1","Formfeld",2,2,100%,"formfeld-ff1-eiche-hell-3-120x83","hEWOpVV05Nk2Wkv6vKs47t"
"Formfeld 1","Formfeld",2,2,100%,"formfeld-ff1-eiche-hell-closeup1","hEWOpVV05Nk2Wkv6vKs4CF"
"Formfeld 1","Formfeld",2,2,100%,"formfeld-ff1-eiche-schwarz1","hEWOpVV05Nk2Wkv6vKs4Gb"
"Formfeld 1","Formfeld",2,2,100%,"formfeld-ff1-mdf-schwarz1-120x83","hEWOpVV05Nk2Wkv6vKs4Tf"
"Brooch","Georg Dobler",2,2,100%,"georg-dobler-brosche-abstrakt","5Nnn2PqcEKG4dqRP9jBtd4"
"Brooch","Georg Dobler",2,2,100%,"georg-dobler-brosche-dunkel","5Nnn2PqcEKG4dqRP9jBthi"
"Brooch","Georg Dobler",2,2,100%,"georg-dobler-brosche-gelb","5Nnn2PqcEKG4dqRP9jBtmM"
"Brooch","Georg Dobler",2,2,100%,"georg-dobler-brosche-orange","5Nnn2PqcEKG4dqRP9jBtr0"
"Brooch","Georg Dobler",2,2,100%,"georg-dobler-brosche","5Nnn2PqcEKG4dqRP9jBtve"
"Cracks","Gigi Mariani",2,2,100%,"gigi-mariani-bracelet-cracks-silver18kt-yellow-goldniello-2012","hEWOpVV05Nk2Wkv6vKsVAV"
"Glass","Gigi Mariani",2,2,100%,"gigi-mariani-glass-ring-silver18kt-yellow-goldniellopatinaglass","hEWOpVV05Nk2Wkv6vKsV1n"
"In a breath","Gigi Mariani",2,2,100%,"gigi-mariani-in-a-breath-ring-silver-niellopatina","hEWOpVV05Nk2Wkv6vKsUxR"
"Moments","Gigi Mariani",2,2,100%,"gigi-mariani-moments-bracelet-silver-18kt-yellow-gold-niello-patina","hEWOpVV05Nk2Wkv6vKsVJD"
"Parallel Worlds","Gigi Mariani",2,2,100%,"gigi-mariani-parallel-worlds-ring-silver-18kt-yellow-gold-niello-patina","hEWOpVV05Nk2Wkv6vKsVNZ"
"Solitaire","Gigi Mariani",2,2,100%,"gigi-mariani-solitaire-necklace-silver18kt-red-goldniello-patina","hEWOpVV05Nk2Wkv6vKsVEr"
"Orto Botanico II","Heide Nonnenmacher",2,2,100%,"orto-bbotanico-ii","5Nnn2PqcEKG4dqRP9jCyJG"
"ZeitRaum","Heide Nonnenmacher",2,2,100%,"heide-nonnenmacher-zeitraum-51x48x37cm-foto-doris-leuschner","5Nnn2PqcEKG4dqRP9jCvpy"
"ZeitRaum","Heide Nonnenmacher",2,2,100%,"heide-nonnenmacher-zeitraum-52cm-58-cm-foto-ignacio-iturrioz","5Nnn2PqcEKG4dqRP9jCvzG"
"ZeitRaum","Heide Nonnenmacher",2,2,100%,"heide-nonnenmacher-zeitraum-58cm-foto-ignacio-iturrioz","5Nnn2PqcEKG4dqRP9jCw3u"
"fractal","Heide Nonnenmacher",2,2,100%,"heide-nonnenmacher-keramiken-fractal","5Nnn2PqcEKG4dqRP9jCvuc"
"shell","Heide Nonnenmacher",2,2,100%,"heide-nonnenmacher-objekt-keramik-shell-porzellan-l-24-b-8cm-h-75-cm-2015-photo-te-hsin-chiu","5Nnn2PqcEKG4dqRP9jCy9y"
"under the sea","Heide Nonnenmacher",2,2,100%,"heide-nonnenmacher-keramik-under-the-sea","5Nnn2PqcEKG4dqRP9jCw8Y"
"under the sea","Heide Nonnenmacher",2,2,100%,"heide-nonnenmacher-under-the-sea-gefaerbt-keramik","5Nnn2PqcEKG4dqRP9jCwHq"
"under the sea","Heide Nonnenmacher",2,2,100%,"heide-nonnenmacher-keramik-under-the-sea-gefaerbt","5Nnn2PqcEKG4dqRP9jCwMU"
"Aurum","Hirsch – Woodenheart",2,2,100%,"hirsch-wooden-heart-aurum-1","hEWOpVV05Nk2Wkv6vKsIjh"
"Pure","Hirsch – Woodenheart",2,2,100%,"hirsch-wooden-heart-pure1","hEWOpVV05Nk2Wkv6vKsGd3"
"Color Mini Cups","In Hwa Lee",2,2,100%,"in-hwa-lee-shadowed-color-mini-cup-various-sizes-white-porcelain-wheel-throwing-1280c-oxidation-firing-polishing-2013","5Nnn2PqcEKG4dqRP9jCTtK"
"Shadowed Color Bowl","In Hwa Lee",2,2,100%,"in-hwa-lee-shadowed-color-bowl-series-white-porcelain-color-clay-opaque-clay-wheel-throwing-1280-degrees-reduction-firing-polishing-various-sizes-2014","5Nnn2PqcEKG4dqRP9jCTog"
"Stethoscope","Iris Merkle",2,2,100%,"iris-merkle-transfer-no3-01","5Nnn2PqcEKG4dqRP9jCcQs"
"Stethoscope","Iris Merkle",2,2,100%,"iris-merkle-transfer-no3-detail-01","5Nnn2PqcEKG4dqRP9jCcVW"
"Stethoscope","Iris Merkle",2,2,100%,"iris-merkle-stethoscope-no3-01","hEWOpVV05Nk2Wkv6vKsVad"
"Stethoscope","Iris Merkle",2,2,100%,"iris-merkle-transfer-no3-02","hEWOpVV05Nk2Wkv6vKsVnh"
"Transfer 02","Iris Merkle",2,2,100%,"iris-merkle-transfer-no2-02","hEWOpVV05Nk2Wkv6vKsVez"
"Transfer 02","Iris Merkle",2,2,100%,"iris-merkle-transfer-no2-01","hEWOpVV05Nk2Wkv6vKsVjL"
"Untitled","Iris Merkle",2,2,100%,"iris-merkle-transfusion-no1-07-2","5Nnn2PqcEKG4dqRP9jCcaA"
"Bizenkaki","Isezaki Jun",2,2,100%,"isezaki-jun-bizenkaki-gefaess","MnHq3gipaho0Iv07wmzzib"
"Hanaike (bird)","Isezaki Jun",2,2,100%,"isezaki-jun-hanaike-gefaess","MnHq3gipaho0Iv07wmzzng"
"Hidasukihanaike","Isezaki Jun",2,2,100%,"isezaki-jun-hidasukihanaike-objekt","MnHq3gipaho0Iv07wmzzsl"
"Kurokakuhanaike","Isezaki Jun",2,2,100%,"isezaki-jun-kurokakuhanaike-gefaess","MnHq3gipaho0Iv07wn002v"
"Mimitukihanaike","Isezaki Jun",2,2,100%,"isezaki-jun-mimitukihanaike-gefaess","MnHq3gipaho0Iv07wn0080"
"Becherhand","JaKyung Shin",2,2,100%,"jakyung-shin-becherhand-silber-tableware","MnHq3gipaho0Iv07wmzvro"
"Becherhand","JaKyung Shin",2,2,100%,"jakyung-shin-becherhand-silber-tableware-jakyung-shin-wmzwlh","MnHq3gipaho0Iv07wmzwlh"
"Bowl n handle","JaKyung Shin",2,2,100%,"jakyung-shin-bowl-n-handle-silber-tableware","MnHq3gipaho0Iv07wmzvwt"
"Bowl n handle","JaKyung Shin",2,2,100%,"jakyung-shin-bowl-n-handle-silver-tableware","MnHq3gipaho0Iv07wmzw1y"
"Bowl n handle","JaKyung Shin",2,2,100%,"jakyung-shin-bowl-n-handle-silber-tableware-jakyung-shin-wmzwqm","MnHq3gipaho0Iv07wmzwqm"
"Bowl n handle","JaKyung Shin",2,2,100%,"jakyung-shin-bowl-n-handle-silver-tableware-jakyung-shin-wmzwvr","MnHq3gipaho0Iv07wmzwvr"
"Cup dragged","JaKyung Shin",2,2,100%,"jakyung-shin-skizze-cup-dragged-silber-tableware","MnHq3gipaho0Iv07wmzw73"
"Cup dragged","JaKyung Shin",2,2,100%,"jakyung-shin-cup-dragged-silver-tableware","MnHq3gipaho0Iv07wmzwC8"
"Cup dragged","JaKyung Shin",2,2,100%,"jakyung-shin-skizze-cup-dragged-silber-tableware-jakyung-shin-wmzx0w","MnHq3gipaho0Iv07wmzx0w"
"Cup dragged","JaKyung Shin",2,2,100%,"jakyung-shin-cup-dragged-silver-tableware-jakyung-shin-wmzx61","MnHq3gipaho0Iv07wmzx61"
"Finger lickin","JaKyung Shin",2,2,100%,"jakyung-shin-finger-lickin-spoons-silver-tableware","MnHq3gipaho0Iv07wmzwHD"
"Finger lickin´ spoons","JaKyung Shin",2,2,100%,"jakyung-shin-finger-lickin-spoons-silver-tableware-jakyung-shin-wmzxB6","MnHq3gipaho0Iv07wmzxB6"
"Golden candle drops","JaKyung Shin",2,2,100%,"jakyung-shin-golden-candle-drops-silver-tableware","5Nnn2PqcEKG4dqRP9jCDPO"
"Golden candle drops","JaKyung Shin",2,2,100%,"jakyung-shin-golden-candle-drops-silver-tableware-jakyung-shin-wmzwMI","MnHq3gipaho0Iv07wmzwMI"
"Reunion Black","JaKyung Shin",2,2,100%,"jakyung-shin-reunion-schwarz-silver-tableware-jakyung-shin-wmzwWS","MnHq3gipaho0Iv07wmzwWS"
"Reunion Black II","JaKyung Shin",2,2,100%,"jakyung-shin-reunion-schwarz-ii-silver-tableware-jakyung-shin-wmzwRN","MnHq3gipaho0Iv07wmzwRN"
"Reunion Schwarz","JaKyung Shin",2,2,100%,"jakyung-shin-reunion-schwarz-ii-silver-tableware","5Nnn2PqcEKG4dqRP9jCDU2"
"Reunion Schwarz II","JaKyung Shin",2,2,100%,"jakyung-shin-reunion-schwarz-silver-tableware","5Nnn2PqcEKG4dqRP9jCDYg"
"Standalone","JaKyung Shin",2,2,100%,"jakyung-shin-standalone-silver-tableware","5Nnn2PqcEKG4dqRP9jCDdK"
"Standalone","JaKyung Shin",2,2,100%,"jakyung-shin-standalone-silver-tableware-jakyung-shin-wmzwbX","MnHq3gipaho0Iv07wmzwbX"
"Twinspoon","JaKyung Shin",2,2,100%,"jakyung-shin-twinspoons-02-silver-tableware","5Nnn2PqcEKG4dqRP9jCDhy"
"Twinspoon, 2015","JaKyung Shin",2,2,100%,"jakyung-shin-twinspoons-02-silver-tableware-jakyung-shin-wmzwgc","MnHq3gipaho0Iv07wmzwgc"
"Bowls and dishes, 2013","Jeong Won Lee",2,2,100%,"jeon-won-lee-bowl-white-porcelain-wheel-throwing-transparent-glaze-1280-degrees-reduction-firing-2013","MnHq3gipaho0Iv07wn07fQ"
"Cup series, 2013","Jeong Won Lee",2,2,100%,"jeong-won-lee-cup-series-white-porcelain-slip-casting-transparent-glaze-1280-degrees-oxidation-firing-various-sizes-2013","MnHq3gipaho0Iv07wn06vh"
"Cup series, 2013","Jeong Won Lee",2,2,100%,"jeong-won-lee-cup-series-white-porcelain-wheel-throwing-transparent-glaze-matt-glaze-1280-degrees-reduction-firing-2013","MnHq3gipaho0Iv07wn07QB"
"Cups, 2013","Jeong Won Lee",2,2,100%,"jeong-won-lee-cup-variation-white-porcelain-wheel-throwing-transparent-glaze-matt-glaze-1280-degrees-reduction-firing-2013","MnHq3gipaho0Iv07wn07aL"
"Dessert set, 2013","Jeong Won Lee",2,2,100%,"jeong-won-lee-dessert-set-white-porcelain-wheel-throwing-matt-glaze-1280-degrees-reduction-firing-30x18x9cm-2013","MnHq3gipaho0Iv07wn07VG"
"Line for Ellipse","Jeong Won Lee",2,2,100%,"jeong-won-lee-line-for-ellipse-white-porcelain-slip-casting-1280-degrees-reduction-firing-19x8x18cm-each-2014","MnHq3gipaho0Iv07wn06lX"
"Oval","Jeong Won Lee",2,2,100%,"jeong-won-lee-oval-series-white-porcelain-slip-casting-1280-degrees-oxidation-firing-22x12x22cm-11x22cm-2014","MnHq3gipaho0Iv07wn075r"
"Re-Formed","Jeong Won Lee",2,2,100%,"jeon-won-lee-re-formed-2014-marbling-series-white-porcelain-slip-casting-transparent-glaze-1280-degrees-oxidation-firing-polishing-9x18cm-each","MnHq3gipaho0Iv07wn070m"
"Re-Formed","Jeong Won Lee",2,2,100%,"jeong-won-lee-re-formed-2012-white-porcelain-pigment-slip-casting-1280-degrees-oxidation-firing-and-reduction-firing-polishing-11x22cm-each-2012","MnHq3gipaho0Iv07wn07Aw"
"Re-Formed","Jeong Won Lee",2,2,100%,"jeon-won-lee-re-formed-2013-white-porcelain-1280-degrees-reduction-firing-11x22cm-22013","MnHq3gipaho0Iv07wn07L6"
"Vessels, 2013","Jeong Won Lee",2,2,100%,"jeon-won-lee-white-porcelain-slip-casting-transparent-glaze-matt-glaze-1280-degrees-oxidation-and-reduction-firing-2013","5Nnn2PqcEKG4dqRP9jCUPq"
"Blatt-Art","Johanna Otto",2,2,100%,"johanna-otto-ring-schwarz","5Nnn2PqcEKG4dqRP9jCyXC"
"Blatt-Art","Johanna Otto",2,2,100%,"johanna-otto","5Nnn2PqcEKG4dqRP9jCybq"
"Blatt-Art","Johanna Otto",2,2,100%,"johanna-otto-blatt-art-ohrschmuck-schmuckdesign","5Nnn2PqcEKG4dqRP9jCygU"
"Blatt-Art","Johanna Otto",2,2,100%,"johanna-otto-ohrschmuck-silber-schmuckdesign","5Nnn2PqcEKG4dqRP9jCyl8"
"Blatt-Art","Johanna Otto",2,2,100%,"johanna-otto-ring-gold","5Nnn2PqcEKG4dqRP9jCypm"
"Blatt-Art","Johanna Otto",2,2,100%,"johanna-otto-blatt-art-collier-schmuckdesign","5Nnn2PqcEKG4dqRP9jCyuQ"
"Untitled","Johannes Nagel",2,2,100%,"johannes-nagel-gefaess-4","5Nnn2PqcEKG4dqRP9jClsA"
"Untitled","Johannes Nagel",2,2,100%,"johannes-nagel-gefaess-6","5Nnn2PqcEKG4dqRP9jClwo"
"Untitled","Johannes Nagel",2,2,100%,"johannes-nagel-gefaess-5","5Nnn2PqcEKG4dqRP9jCm1S"
"Untitled","Johannes Nagel",2,2,100%,"johannes-nagel-2-kunze-web","MnHq3gipaho0Iv07wn0ZHb"
"AMARANT CARPE CAVIAR","Julia Münzing",2,2,100%,"julia-muenzing-schmuckdesign-amarant-carpe-iii","MnHq3gipaho0Iv07wn0Ycx"
"AMARANT CARPE CAVIAR","Julia Münzing",2,2,100%,"julia-muenzing-schmuckdesign-amarant-carpe-i","MnHq3gipaho0Iv07wn0YsC"
"AMARANT CARPE GLACE","Julia Münzing",2,2,100%,"julia-muenzing-schmuckdesign-amarant-carpe-ii","MnHq3gipaho0Iv07wn0Yn7"
"Bracelet AMARANT BRAC","Julia Münzing",2,2,100%,"julia-muenzing-schmuckdesign-amarant-brac-i","MnHq3gipaho0Iv07wn0Yi2"
"FLUX AMBROSIA + FAGUS","Julia Münzing",2,2,100%,"julia-muenzing-schmuckdesign-flux-ii","MnHq3gipaho0Iv07wn0Z2M"
"FLUX PINUS + PICEA + ABIES","Julia Münzing",2,2,100%,"julia-muenzing-schmuckdesign-flux-iii","MnHq3gipaho0Iv07wn0Z7R"
"FLUX POACEAE","Julia Münzing",2,2,100%,"julia-muenzing-schmuckdesign-flux-poaceae-2","MnHq3gipaho0Iv07wn0YxH"
"NUANCE CLAIRE","Julia Münzing",2,2,100%,"julia-muenzing-schmuckdesign-nuance-claire-obscure-ii","MnHq3gipaho0Iv07wn0YDY"
"NUANCE OBSCURE","Julia Münzing",2,2,100%,"julia-muenzing-schmuckdesign-nuance-claire-obscure-iii","MnHq3gipaho0Iv07wn0Y8T"
"PNEU","Julia Münzing",2,2,100%,"julia-muenzing-schmuckdesign-pneu","MnHq3gipaho0Iv07wn0YXs"
"SAUTOIR BONBON LEVEL","Julia Münzing",2,2,100%,"julia-muenzing-schmuckdesign-bonbon-ebene","MnHq3gipaho0Iv07wn0Y3O"
"SAUTOIR BONBON OBSIDIAN","Julia Münzing",2,2,100%,"julia-muenzing-schmuckdesign-sautoir-bonbon-obsidian","MnHq3gipaho0Iv07wn0XyJ"
"TORTUE AGATE","Julia Münzing",2,2,100%,"julia-muenzing-schmuckdesign-tortue-agate","MnHq3gipaho0Iv07wn0YId"
"TORTUE OR CHATS","Julia Münzing",2,2,100%,"julia-muenzing-schmuckdesign-tortue-brocande","MnHq3gipaho0Iv07wn0YNi"
"...aus dem Feuer nehmen…","Kay Eppi Nölke",2,2,100%,"kay-eppi-noelke-aus-dem-feuer-nehmen-anhaenger","5Nnn2PqcEKG4dqRP9jCvc2"
"...aus dem Feuer nehmen…","Kay Eppi Nölke",2,2,100%,"kay-eppi-noelke-aus-dem-feuer-nehmen","5Nnn2PqcEKG4dqRP9jCvgg"
"DrückDich","Kay Eppi Nölke",2,2,100%,"kay-eppi-noelke-mohn","5Nnn2PqcEKG4dqRP9jCvSk"
"DrückDich","Kay Eppi Nölke",2,2,100%,"kay-eppi-noelke-kirschen-essen-im-gras","5Nnn2PqcEKG4dqRP9jCvXO"
"DrückDich","Kay Eppi Nölke",2,2,100%,"kay-eppi-noelke-mohnblumenkapsel","5Nnn2PqcEKG4dqRP9jCvlK"
"Grasring Nr. 205","Kay Eppi Nölke",2,2,100%,"kay-eppi-noelke-ag-rw","5Nnn2PqcEKG4dqRP9jCtDO"
"Grasringe","Kay Eppi Nölke",2,2,100%,"kay-eppi-noelke-grasring-beschnitten","5Nnn2PqcEKG4dqRP9jCt46"
"Grasringe Nr. 217 und 218","Kay Eppi Nölke",2,2,100%,"kay-eppi-noelke-grasringe-trauringe","5Nnn2PqcEKG4dqRP9jCtI2"
"Morsering -HERZEN-","Kay Eppi Nölke",2,2,100%,"kay-eppi-noelke-herzen-sehen-gut-eindruck-durchbruch","5Nnn2PqcEKG4dqRP9jCvJS"
"Morsering -JETZT-","Kay Eppi Nölke",2,2,100%,"kay-eppi-noelke-morseringe-durchbruch","5Nnn2PqcEKG4dqRP9jCv5W"
"Morsering -JETZT-","Kay Eppi Nölke",2,2,100%,"kay-eppi-noelke-morseringe","5Nnn2PqcEKG4dqRP9jCvEo"
"Morsering, -JETZT-","Kay Eppi Nölke",2,2,100%,"kay-eppi-noelke-morseringe-eindruck-silber","5Nnn2PqcEKG4dqRP9jCvAA"
"Morseringe","Kay Eppi Nölke",2,2,100%,"kay-eppi-noelke-jean-jeanette","5Nnn2PqcEKG4dqRP9jCvO6"
"Pflasterringe","Kay Eppi Nölke",2,2,100%,"kay-eppi-noelke-pflasterringe-trauringe","5Nnn2PqcEKG4dqRP9jCv0s"
"Balance-Line","Kazuko Nishibayashi",2,2,100%,"kazuko-nishibayashi-armreif-titanium","5Nnn2PqcEKG4dqRP9jCszS"
"CHANGING","Kazuko Nishibayashi",2,2,100%,"kazuko-nishibayashi-changing-ring-silver","5Nnn2PqcEKG4dqRP9jCscE"
"FLAT","Kazuko Nishibayashi",2,2,100%,"kazuko-nishibayashi-musubi-earrings-gold","5Nnn2PqcEKG4dqRP9jCsF0"
"HAMON","Kazuko Nishibayashi",2,2,100%,"kazuko-nishibayashi-hamon-necklace-silver","5Nnn2PqcEKG4dqRP9jCsJe"
"KIKU","Kazuko Nishibayashi",2,2,100%,"kazuko-nishibayashi-kiku-brooch","5Nnn2PqcEKG4dqRP9jCrwQ"
"KLANG","Kazuko Nishibayashi",2,2,100%,"kazuko-nishibayashi-klang-earrings-gold-plated","5Nnn2PqcEKG4dqRP9jCsgs"
"KNOSPE","Kazuko Nishibayashi",2,2,100%,"kazuko-nishibayashi-knospe-earrings-silver-topas","5Nnn2PqcEKG4dqRP9jCsuo"
"KREUZ","Kazuko Nishibayashi",2,2,100%,"kazuko-nishibayashi-musubi-brooch-silver","5Nnn2PqcEKG4dqRP9jCs14"
"KULU","Kazuko Nishibayashi",2,2,100%,"kazuko-nishibayashi-kulu-pendant-gold-plated","5Nnn2PqcEKG4dqRP9jCsqA"
"KUMI","Kazuko Nishibayashi",2,2,100%,"kazuko-nishibayashi-musubi-earrings-silver","5Nnn2PqcEKG4dqRP9jCsAM"
"LOOP C-Shape","Kazuko Nishibayashi",2,2,100%,"kazuko-nishibayashi-loop-kette-silber","5Nnn2PqcEKG4dqRP9jCslW"
"ORI-U2","Kazuko Nishibayashi",2,2,100%,"kazuko-nishibayashi-ori-ring-silver","5Nnn2PqcEKG4dqRP9jCsXa"
"SPIRAL","Kazuko Nishibayashi",2,2,100%,"kazuko-nishibayashi-spiral-brooch-silver","5Nnn2PqcEKG4dqRP9jCsOI"
"WAVE","Kazuko Nishibayashi",2,2,100%,"kazuko-nishibayashi-wave-ring-gold-silver","5Nnn2PqcEKG4dqRP9jCs5i"
"Mini whirl vessel","Koichi Io",2,2,100%,"koichi-io-whirl-vase","MnHq3gipaho0Iv07wmzsVV"
"Whirl Box","Koichi Io",2,2,100%,"koichi-io-whirl-box","MnHq3gipaho0Iv07wmzspp"
"Whirl Vessel VI","Koichi Io",2,2,100%,"koichi-io-whirl-vi-ii","MnHq3gipaho0Iv07wmzsGG"
"Whirl Vessel VI","Koichi Io",2,2,100%,"koichi-io-whirl-vi-1","MnHq3gipaho0Iv07wmzsLL"
"Whirl vessel X","Koichi Io",2,2,100%,"koichi-io-whirl-vessel-x","MnHq3gipaho0Iv07wmzsQQ"
"Fold","Leen Heyne",2,2,100%,"3-3","hEWOpVV05Nk2Wkv6vKsFiR"
"Fold","Leen Heyne",2,2,100%,"11","hEWOpVV05Nk2Wkv6vKsFmn"
"Loop","Leen Heyne",2,2,100%,"31","MnHq3gipaho0Iv07wmzq8A"
"Loop","Leen Heyne",2,2,100%,"30","MnHq3gipaho0Iv07wmzqDF"
"Twist","Leen Heyne",2,2,100%,"18","hEWOpVV05Nk2Wkv6vKsFVN"
"Twist","Leen Heyne",2,2,100%,"16","hEWOpVV05Nk2Wkv6vKsFZj"
"Wind","Leen Heyne",2,2,100%,"23","MnHq3gipaho0Iv07wmzqIK"
"Wind","Leen Heyne",2,2,100%,"22-xl","MnHq3gipaho0Iv07wmzqNP"
"Wind","Leen Heyne",2,2,100%,"21","MnHq3gipaho0Iv07wmzqSU"
"Lilies","Lut Laleman",2,2,100%,"lut-laleman-lilien","5Nnn2PqcEKG4dqRP9jCQaw"
"Contrast","Lyk Carpet",2,2,100%,"lyk-carpet-contrast-ganz","MnHq3gipaho0Iv07wn0IOz"
"coastel 2","Lyk Carpet",2,2,100%,"mareikelienau-lykcarpet-coastel-2","MnHq3gipaho0Iv07wn0IJu"
"come as you are","Lyk Carpet",2,2,100%,"mareikelienau-lykcarpet-come-as-you-are-sitzesemble-x-uniquefactory-berlin-1","MnHq3gipaho0Iv07wn0IEp"
"freeplay #2","Lyk Carpet",2,2,100%,"mareikelienau-lykcarpet-freeplay2","MnHq3gipaho0Iv07wn0Hza"
"freeplay #3","Lyk Carpet",2,2,100%,"mareikelienau-lykcarpet-freeplay3","MnHq3gipaho0Iv07wn0I4f"
"freeplay #5","Lyk Carpet",2,2,100%,"mareikelienau-lykcarpet-freeplay5","MnHq3gipaho0Iv07wn0I9k"
"lyk carpet x bauhaus # 2","Lyk Carpet",2,2,100%,"textile-poster-lyk-carpet-hommage-bauhaus-mareike-lienau","MnHq3gipaho0Iv07wn0KX5"
"lyk carpet x bauhaus # 3","Lyk Carpet",2,2,100%,"mareike-lienau-textile-poster-lyk-carpet-x-bauhaus","MnHq3gipaho0Iv07wn0KS0"
"lyk carpet x bauhaus # 4","Lyk Carpet",2,2,100%,"mareike-lienau-textile-poster-lyk-carpet-bauhaus-hommage","MnHq3gipaho0Iv07wn0IZ9"
"lyk carpet x bauhaus # 5","Lyk Carpet",2,2,100%,"textile-poster-lyk-carpet-no-5-bauhaus-mareike-lienau","MnHq3gipaho0Iv07wn0IU4"
"Bracelet","Martina Dempf",2,2,100%,"07-a-amboina-1b-bearbeitet","5Nnn2PqcEKG4dqRP9jBtKU"
"Dryade 1","Martina Dempf",2,2,100%,"martina-dempf-schmuck-dryaden","5Nnn2PqcEKG4dqRP9jBrJ4"
"Ellipses","Martina Dempf",2,2,100%,"martina-dempf-schmuck-armreife","5Nnn2PqcEKG4dqRP9jBrEQ"
"Eternal Wanderer","Martina Dempf",2,2,100%,"martina-dempf-anhaenger-foto-sebastian-ahlers","5Nnn2PqcEKG4dqRP9jBr0U"
"Homs","Martina Dempf",2,2,100%,"martina-dempf-anhaenger-homs","5Nnn2PqcEKG4dqRP9jBrgI"
"Origin 2","Martina Dempf",2,2,100%,"martina-dempf-schmuck-ursprung-2","5Nnn2PqcEKG4dqRP9jBrSM"
"Origin 3","Martina Dempf",2,2,100%,"martina-dempf-schmuck-ursprung-3","5Nnn2PqcEKG4dqRP9jBrNi"
"Palmyra","Martina Dempf",2,2,100%,"martina-dempf-brosche-palmyra","5Nnn2PqcEKG4dqRP9jBrbe"
"Symphony","Martina Dempf",2,2,100%,"martina-dempf-collier-brosche-foto-sebastian-ahlers","5Nnn2PqcEKG4dqRP9jBr58"
"Twister 2","Martina Dempf",2,2,100%,"martina-dempf-schmuck-twister","5Nnn2PqcEKG4dqRP9jBrX0"
"Blumentiere","Martina Ege",2,2,100%,"martina-ege-schmuckdesign-serie-blumentiere","hEWOpVV05Nk2Wkv6vKry5N"
"Blumentiere","Martina Ege",2,2,100%,"martina-ege-schmuckdesign-serie-blumentiere-ring","hEWOpVV05Nk2Wkv6vKry9j"
"Blumentiere","Martina Ege",2,2,100%,"martina-ege-collier-emailliert-schmuckdesign-blumentiere","hEWOpVV05Nk2Wkv6vKryE5"
"Blumentiere","Martina Ege",2,2,100%,"martina-ege-collier-emailliert-schmuckdesign-serie-blumentiere","hEWOpVV05Nk2Wkv6vKryIR"
"Blumentiere","Martina Ege",2,2,100%,"martina-ege-schmuckdesign-serie-blumentiere-ebenholz","hEWOpVV05Nk2Wkv6vKryMn"
"Blumentiere","Martina Ege",2,2,100%,"martina-ege-schmuck-serie-blumentiere-collier","hEWOpVV05Nk2Wkv6vKryR9"
"Tiefsee","Martina Ege",2,2,100%,"martina-ege-anhaenger-tiefsee-gruen","5Nnn2PqcEKG4dqRP9jBug6"
"Tiefsee","Martina Ege",2,2,100%,"martina-ege-anhaenger-tiefsee-gelb","5Nnn2PqcEKG4dqRP9jBukk"
"Tiefsee","Martina Ege",2,2,100%,"martina-ege-ring-tiefsee-gelb","hEWOpVV05Nk2Wkv6vKrxwf"
"Tiefsee","Martina Ege",2,2,100%,"martina-ege-ring-tiefsee-gelb-frontal","hEWOpVV05Nk2Wkv6vKry11"
"Coppa","Massimo Micheluzzi",2,2,100%,"massimo-micheluzzi-coppa-2019-art-aurea","5Nnn2PqcEKG4dqRP9jCfjG"
"Inciso","Massimo Micheluzzi",2,2,100%,"massimo-micheluzzi-inciso-brown-2019-art-aurea","5Nnn2PqcEKG4dqRP9jCfec"
"Inciso","Massimo Micheluzzi",2,2,100%,"massimo-micheluzzi-inciso-2019-art-aurea","5Nnn2PqcEKG4dqRP9jCfnu"
"Mosaico","Massimo Micheluzzi",2,2,100%,"massimo-micheluzzi-mosaico-2019-art-aurea","5Nnn2PqcEKG4dqRP9jCfsY"
"Mosaico","Massimo Micheluzzi",2,2,100%,"massimo-micheluzzi-mosaico-2019-art-aurea","5Nnn2PqcEKG4dqRP9jCg1q"
"Mosaico","Massimo Micheluzzi",2,2,100%,"massimo-micheluzzi-mosaico-2019-art-aurea","5Nnn2PqcEKG4dqRP9jCg6U"
"Rete","Massimo Micheluzzi",2,2,100%,"massimo-micheluzzi-rete-2019-art-aurea","5Nnn2PqcEKG4dqRP9jCfxC"
"Vaso in vetro a bugne iridato soffiato","Massimo Micheluzzi",2,2,100%,"massimo-micheluzzi-vessel-1601-brutto-gusto49117-photo-def-image","5Nnn2PqcEKG4dqRP9jCgqw"
"Vaso vetro piatto grigio","Massimo Micheluzzi",2,2,100%,"massimo-micheluzzi-vessel-1601-brutto-gusto49147-photo-def-image","5Nnn2PqcEKG4dqRP9jCgB8"
"+,-","Minsoo Lee",2,2,100%,"minsoo-lee-ceramic-art-09","5Nnn2PqcEKG4dqRP9jCWDK"
"+,-","Minsoo Lee",2,2,100%,"minsoo-lee-ceramic-art-10","5Nnn2PqcEKG4dqRP9jCWHy"
"+,-","Minsoo Lee",2,2,100%,"minsoo-lee-ceramic-art-01","MnHq3gipaho0Iv07wn07kV"
"+,-","Minsoo Lee",2,2,100%,"minsoo-lee-ceramic-art-03","MnHq3gipaho0Iv07wn07uf"
"+,-","Minsoo Lee",2,2,100%,"minsoo-lee-ceramic-art-04","MnHq3gipaho0Iv07wn07zk"
"+,-","Minsoo Lee",2,2,100%,"minsoo-lee-ceramic-art-06","MnHq3gipaho0Iv07wn089u"
"+,-","Minsoo Lee",2,2,100%,"minsoo-lee-ceramic-art-07","MnHq3gipaho0Iv07wn08Ez"
"The Memory","Minsoo Lee",2,2,100%,"minsoo-lee-ceramic-art-11","5Nnn2PqcEKG4dqRP9jCWMc"
"The Memory","Minsoo Lee",2,2,100%,"minsoo-lee-ceramic-art-05","MnHq3gipaho0Iv07wn084p"
"The Memory","Minsoo Lee",2,2,100%,"minsoo-lee-ceramic-art-08","MnHq3gipaho0Iv07wn08K4"
"Horror Vacui","Morten Lobner Espersen",2,2,100%,"morten-lobner-espersen-horror-vacui-2010-large","5Nnn2PqcEKG4dqRP9jCaU6"
"Horror Vacui","Morten Lobner Espersen",2,2,100%,"dsc04126-large","5Nnn2PqcEKG4dqRP9jCai2"
"Object, 2011","Morten Lobner Espersen",2,2,100%,"ij","MnHq3gipaho0Iv07wn0DeJ"
"Bow","Niessing",2,2,100%,"niessing-armreif-bow","MnHq3gipaho0Iv07wn0fq3"
"Iris","Niessing",2,2,100%,"niessing-ring-iris","MnHq3gipaho0Iv07wn0fky"
"Ring Tension ring® S","Niessing",2,2,100%,"niessing-ring-spannring","MnHq3gipaho0Iv07wn0fao"
"Tension ring® round","Niessing",2,2,100%,"niessing-spannring","MnHq3gipaho0Iv07wn0fft"
"Fat Chain no. 1","Noon Passama",2,2,100%,"noon-passama-fat-chain-2","hEWOpVV05Nk2Wkv6vKsblr"
"Fat Chain no. 2","Noon Passama",2,2,100%,"noon-passama-fat-chain-2","hEWOpVV05Nk2Wkv6vKsbuZ"
"Twisted Chain no. 1","Noon Passama",2,2,100%,"noon-passama-fat-chain-1","hEWOpVV05Nk2Wkv6vKsbqD"
"Flowing water","Patrizia Bonati",2,2,100%,"patrizia-bonati-necklace-jewelry","hEWOpVV05Nk2Wkv6vKrvLX"
"Flows","Patrizia Bonati",2,2,100%,"patrizia-bonati-necklace-design-jewelry","hEWOpVV05Nk2Wkv6vKrvPt"
"Gloom","Patrizia Bonati",2,2,100%,"patrizia-bonati-rings-jewelry","hEWOpVV05Nk2Wkv6vKrvUF"
"Perfection–Imperfection","Patrizia Bonati",2,2,100%,"10-patrizia-bonati-necklace","hEWOpVV05Nk2Wkv6vKrvYb"
"Reflexes","Patrizia Bonati",2,2,100%,"patrizia-bonati-earrings-jewelry","5Nnn2PqcEKG4dqRP9jBfOU"
"Trace","Patrizia Bonati",2,2,100%,"13-patrizia-bonati-weddings-rings","hEWOpVV05Nk2Wkv6vKrvcx"
"Waiting for the sun","Patrizia Bonati",2,2,100%,"patrizia-bonati-necklace-waiting-for-the-sun-jewelry","hEWOpVV05Nk2Wkv6vKrvHB"
"a3","Patrizia Bonati",2,2,100%,"4-patrizia-bonati-brooche","hEWOpVV05Nk2Wkv6vKrv47"
"c1","Patrizia Bonati",2,2,100%,"6patrizia-bonati-brooche","hEWOpVV05Nk2Wkv6vKrvCp"
"f8","Patrizia Bonati",2,2,100%,"5-patrizia-bonati-ring","hEWOpVV05Nk2Wkv6vKrv8T"
"necklace-earring","Patrizia Bonati",2,2,100%,"patrizia-bonati-necklace-earring-jewelry","hEWOpVV05Nk2Wkv6vKrvlf"
"r2","Patrizia Bonati",2,2,100%,"2-patrizia-bonati-earring","5Nnn2PqcEKG4dqRP9jBfJq"
"Amphora","Pura Ferreiro",2,2,100%,"pura-ferreiro","5Nnn2PqcEKG4dqRP9jC4Gg"
"Biene","Pura Ferreiro",2,2,100%,"pura-ferreira-schmuckdesign-anhaenger-biene","5Nnn2PqcEKG4dqRP9jC4du"
"Buttercup","Pura Ferreiro",2,2,100%,"pura-ferreiro-buttercup-earrings","5Nnn2PqcEKG4dqRP9jC4wU"
"Daisy","Pura Ferreiro",2,2,100%,"pura-ferreiro-daisy","5Nnn2PqcEKG4dqRP9jC4rq"
"Elm tree","Pura Ferreiro",2,2,100%,"pura-ferreiro-ulmen-earrings","hEWOpVV05Nk2Wkv6vKs0pD"
"Eule","Pura Ferreiro",2,2,100%,"pura-ferreira-schmuckdesign-anhaenger-eule","5Nnn2PqcEKG4dqRP9jC4iY"
"Granulated ring","Pura Ferreiro",2,2,100%,"pura-ferreiro-bronzering","5Nnn2PqcEKG4dqRP9jC4nC"
"Konkav","Pura Ferreiro",2,2,100%,"pura-ferreira-schmuckdesign-doppelring-konkav","5Nnn2PqcEKG4dqRP9jC4Py"
"Konkav","Pura Ferreiro",2,2,100%,"pura-ferreiro-konkave-ohrringe","5Nnn2PqcEKG4dqRP9jC4Uc"
"Lampion pendant","Pura Ferreiro",2,2,100%,"pura-ferreiro-lampion-anhaenger","5Nnn2PqcEKG4dqRP9jC518"
"Lotus","Pura Ferreiro",2,2,100%,"pura-ferreiro-lotos-ohrschmuck","hEWOpVV05Nk2Wkv6vKs0tZ"
"Scarab","Pura Ferreiro",2,2,100%,"pura-ferreiro-kaefer","5Nnn2PqcEKG4dqRP9jC4LK"
"Sun & Moon","Pura Ferreiro",2,2,100%,"pura-ferreiro-sun-and-moon-ohrringe-blaetter","hEWOpVV05Nk2Wkv6vKs0xv"
"Sun & Moon","Pura Ferreiro",2,2,100%,"pura-ferreiro-sun-and-moon-ohrringe-kreise","hEWOpVV05Nk2Wkv6vKs12H"
"Triangle","Pura Ferreiro",2,2,100%,"pura-ferreiro-triangel-earrings","5Nnn2PqcEKG4dqRP9jC4ZG"
"Cuddle","Ria Lins",2,2,100%,"cuddle","MnHq3gipaho0Iv07wn0ArZ"
"Hope in one hand","Ria Lins",2,2,100%,"hope-in-one-hand","MnHq3gipaho0Iv07wn0AI0"
"Just a drop","Ria Lins",2,2,100%,"ria-lins-jewelry160225-020","MnHq3gipaho0Iv07wn0ACv"
"Meander","Ria Lins",2,2,100%,"ria-lins-schmuckkunst-meander","5Nnn2PqcEKG4dqRP9jCX74"
"Meander","Ria Lins",2,2,100%,"ria-lins-schmuckkunst-2meander","5Nnn2PqcEKG4dqRP9jCXBi"
"Meander","Ria Lins",2,2,100%,"ria-lins-schmuckkunst-3meander","5Nnn2PqcEKG4dqRP9jCXPe"
"Meander red","Ria Lins",2,2,100%,"ria-lins-jewelry160803-097","MnHq3gipaho0Iv07wn0A7q"
"Rock me Baby","Ria Lins",2,2,100%,"ria-lins-rock-me-baby-schmuckkunst","5Nnn2PqcEKG4dqRP9jCX2Q"
"Rock me Baby","Ria Lins",2,2,100%,"ria-lins-schmuckkunst-rock-me-baby","5Nnn2PqcEKG4dqRP9jCXYw"
"colours","Ria Lins",2,2,100%,"ria-lins-jewelry160803-066","5Nnn2PqcEKG4dqRP9jCXda"
"Dotaku","Ritsue Mishima",2,2,100%,"dotaku","MnHq3gipaho0Iv07wn0Vay"
"Eolo","Ritsue Mishima",2,2,100%,"eolo","MnHq3gipaho0Iv07wn0VqD"
"Nervatura","Ritsue Mishima",2,2,100%,"nervatura","5Nnn2PqcEKG4dqRP9jCieQ"
"Occhio","Ritsue Mishima",2,2,100%,"occhio-2015-h48-w455-kg29-bis-bearbeitet","MnHq3gipaho0Iv07wn0Vg3"
"Stella Polare","Ritsue Mishima",2,2,100%,"stella-polare-2015-h325-w285-kg185-bearbeitet","MnHq3gipaho0Iv07wn0VLj"
"Winter","Ritsue Mishima",2,2,100%,"winter-2015-h485-w39-kg288-bearbeitet","MnHq3gipaho0Iv07wn0VvI"
"EREMIT","Robert Korsikowski",2,2,100%,"robert-korsikowski-eremit","MnHq3gipaho0Iv07wn03yn"
"FLÜCHTER","Robert Korsikowski",2,2,100%,"robert-korsikowski-fluechter-2023","MnHq3gipaho0Iv07wn043s"
"INTERREGNUM","Robert Korsikowski",2,2,100%,"robert-korsikowski-interregnum","MnHq3gipaho0Iv07wn048x"
"KREUZ","Robert Korsikowski",2,2,100%,"robert-korsikowski-kreuz","MnHq3gipaho0Iv07wn04OC"
"Manufacturing process","Robert Korsikowski",2,2,100%,"robert-korsikowski-trichterzinkung-in-eichenholz","MnHq3gipaho0Iv07wn03ti"
"NEOBIONT","Robert Korsikowski",2,2,100%,"robert-korsikowski-neobiont","hEWOpVV05Nk2Wkv6vKsOZ9"
"RUTSCHE","Robert Korsikowski",2,2,100%,"robert-korsikowski-rutsche","MnHq3gipaho0Iv07wn04E2"
"Robert Korsikowski in his workshop","Robert Korsikowski",2,2,100%,"robert-korsikowski-werkstattansicht","MnHq3gipaho0Iv07wn03od"
"SAMMLER","Robert Korsikowski",2,2,100%,"robert-korsikowski-sammler","hEWOpVV05Nk2Wkv6vKsOhr"
"SIEDLER","Robert Korsikowski",2,2,100%,"robert-korsikowski-siedler","hEWOpVV05Nk2Wkv6vKsOdV"
"SPEER","Robert Korsikowski",2,2,100%,"robert-korsikowski-speer","hEWOpVV05Nk2Wkv6vKsOqZ"
"WANDLER","Robert Korsikowski",2,2,100%,"robert-korsikowski-wandler","hEWOpVV05Nk2Wkv6vKsOUn"
"WÄHLER","Robert Korsikowski",2,2,100%,"robert-korsikowski-waehler","MnHq3gipaho0Iv07wn04J7"
"Banda","Sabine Lintzen",2,2,100%,"15-sabine-lintzen-bandabright-art-aurea","5Nnn2PqcEKG4dqRP9jCZf0"
"Darm","Sarah Cossham",2,2,100%,"sarah-cossham-schmuckkunst-kette-darm-pink","5Nnn2PqcEKG4dqRP9jBnBa"
"Darm","Sarah Cossham",2,2,100%,"sarah-cossham-schmuckkunst-kette-darm","5Nnn2PqcEKG4dqRP9jBnGE"
"Darm","Sarah Cossham",2,2,100%,"sarah-cossham-schmuckkunst-brosche-darm","MnHq3gipaho0Iv07wmzcgw"
"Darm","Sarah Cossham",2,2,100%,"sarah-cossham-schmuckkunst-kette-necklace-darm","MnHq3gipaho0Iv07wmzcm1"
"Das Paar","Sarah Cossham",2,2,100%,"sarah-cossham-schmiedekunst-das-paar","5Nnn2PqcEKG4dqRP9jBo0g"
"Drei Brüder","Sarah Cossham",2,2,100%,"sarah-cossham-schmiedekunst-drei-brueder","5Nnn2PqcEKG4dqRP9jBnw2"
"Drei Schwestern","Sarah Cossham",2,2,100%,"sarah-cossham-schmiedekunst-drei-schwestern","5Nnn2PqcEKG4dqRP9jBnrO"
"Untitled","Sarah Cossham",2,2,100%,"sarah-cossham-schmiedekunst-becher-silber","5Nnn2PqcEKG4dqRP9jBo5K"
"Vessels","Sarah Cossham",2,2,100%,"sarah-cossham-schmiedekunst-gefaesse","5Nnn2PqcEKG4dqRP9jBnmk"
"Zeitzeugen","Sarah Cossham",2,2,100%,"sarah-cossham-schmuckkunst-zeitzeugen-brosche-natur","5Nnn2PqcEKG4dqRP9jBnKs"
"Zeitzeugen","Sarah Cossham",2,2,100%,"sarah-cossham-schmuckkunst-zeitzeugen-kette-gummi-rot","5Nnn2PqcEKG4dqRP9jBnPW"
"Zeitzeugen","Sarah Cossham",2,2,100%,"sarah-cossham-schmuckkunst-zeitzeugen-kette-gummi-natur","5Nnn2PqcEKG4dqRP9jBnUA"
"Zeitzeugen","Sarah Cossham",2,2,100%,"sarah-cossham-schmuckkunst-zeitzeugen-kette-handschuhe-blau","5Nnn2PqcEKG4dqRP9jBnYo"
"Zeitzeugen","Sarah Cossham",2,2,100%,"sarah-cossham-schmuckkunst-zeitzeugen-armreife","5Nnn2PqcEKG4dqRP9jBndS"
"Vessel","Si-Sook Kang",2,2,100%,"hwang-kang-gefaess2","5Nnn2PqcEKG4dqRP9jCHbW"
"8er","Sophia Epp",2,2,100%,"sophia-epp-kette-04","5Nnn2PqcEKG4dqRP9jC1e6"
"Circles","Sophia Epp",2,2,100%,"sophia-epp-halsschmuck","5Nnn2PqcEKG4dqRP9jC1LW"
"Lilly","Sophia Epp",2,2,100%,"sophie-epp-ohrschmuck-lilie","5Nnn2PqcEKG4dqRP9jC1ZS"
"Navette","Sophia Epp",2,2,100%,"sophia-epp-kette-und-ohrringe","5Nnn2PqcEKG4dqRP9jC1ik"
"Pendant and brooch","Sophia Epp",2,2,100%,"sophie-epp-anhaenger-brosche","5Nnn2PqcEKG4dqRP9jC1QA"
"Soap Bubbles","Sophia Epp",2,2,100%,"sophie-epp-halsschmuck-seifenblase","5Nnn2PqcEKG4dqRP9jC1Uo"
"Vierfachoval","Sophia Epp",2,2,100%,"sophia-epp-kette-03","5Nnn2PqcEKG4dqRP9jC1nO"
"Dodecagonal Oil Lamp, 2012","Sung Chul Kim",2,2,100%,"sung-chul-kim-dodecagonal-oil-lamp-white-porcelain-wheel-throwing-half-matt-glaze-1280-degrees-reduction-firing-polishing-9x2cm-2012","MnHq3gipaho0Iv07wn03ZO"
"Dodecagonal Oil Lamp, 2014","Sung Chul Kim",2,2,100%,"sung-chul-kim-dodecagonal-oil-lamp-white-porcelain-wheel-throwing-half-matt-glaze-1280-degrees-reduction-firing-10x5cm-2014","MnHq3gipaho0Iv07wn03eT"
"Moon","Sung Chul Kim",2,2,100%,"sung-chul-kim-moon-oil-lamp-white-porcelain-wheel-throwing-half-matt-glaze-1280-degrees-reduction-firing-17x2cm-2014","MnHq3gipaho0Iv07wn039z"
"Moon","Sung Chul Kim",2,2,100%,"moon-oil-lamp-lighted-sung-chul-kim","MnHq3gipaho0Iv07wn03F4"
"Oil Lamps, 2012","Sung Chul Kim",2,2,100%,"sung-chul-kim-oil-lamp-white-porcelain-wheel-throwing-half-matt-glaze-faceting-1280-degrees-reduction-firing-2012","MnHq3gipaho0Iv07wn03UJ"
"Oil Lamps, 2014","Sung Chul Kim",2,2,100%,"sung-chul-kim-oil-lamp-white-porcelain-wheel-throwing-half-matt-glaze-faceting-1280-degrees-reduction-firing-polishing-various-sizes-2","MnHq3gipaho0Iv07wn03PE"
"Oil Lamps, 2014","Sung Chul Kim",2,2,100%,"oil-lamp-white-porcelain-wheel-throwing-half-matt-glaze-faceting-1280-degrees-reduction-firing-polishing-various-sizes","MnHq3gipaho0Iv07wn03jY"
"White Stone","Sung Chul Kim",2,2,100%,"sung-chul-kim-white-stone-white-porcelain-wheel-throwing-half-matt-glaze-1280-degrees-reduction-firing-5x4cm-each-2014","MnHq3gipaho0Iv07wn03K9"
"Briza","Susanna Kuschek",2,2,100%,"briza","hEWOpVV05Nk2Wkv6vKsOuv"
"Discos","Susanna Kuschek",2,2,100%,"discos","hEWOpVV05Nk2Wkv6vKsPL3"
"Puntito","Susanna Kuschek",2,2,100%,"susanna-kuschek-puntito","hEWOpVV05Nk2Wkv6vKsPgp"
"Scir","Susanna Kuschek",2,2,100%,"scir","hEWOpVV05Nk2Wkv6vKsP7z"
"nn","Susanna Kuschek",2,2,100%,"nn","hEWOpVV05Nk2Wkv6vKsP3d"
"Brooch","Susanne Elstner",2,2,100%,"brosche-susanne-elstner-gold-holzkohle-schmuckdesign","5Nnn2PqcEKG4dqRP9jBxbG"
"Brosche","Susanne Elstner",2,2,100%,"susanne-elstner-brosche-holzkohle-silber-2","5Nnn2PqcEKG4dqRP9jBxpC"
"Crumble Kumpels","Susanne Elstner",2,2,100%,"susanne-elstner-nr-15-ringe-kumpels-silber","5Nnn2PqcEKG4dqRP9jByCQ"
"Crumble Kumpels","Susanne Elstner",2,2,100%,"susanne-elstner-nr-16-ringe-crumble-kumpel-silber-geschwaerzt-farbe","5Nnn2PqcEKG4dqRP9jByH4"
"Floating Bowls","Susanne Elstner",2,2,100%,"susanne-elstner-nr-12-brosche-floating-bowls-holzkohle-silber","5Nnn2PqcEKG4dqRP9jBxyU"
"Floating Bowls","Susanne Elstner",2,2,100%,"susanne-elstner-nr-13-brosche-floating-bowls-holzkohle-silber","5Nnn2PqcEKG4dqRP9jBy38"
"Floating Bowls","Susanne Elstner",2,2,100%,"susanne-elstner-nr-14-brosche-floating-bowls-holzkohle-silber","5Nnn2PqcEKG4dqRP9jBy7m"
"Necklace","Susanne Elstner",2,2,100%,"collier-susanne-elstner-silber-schmuckdesign","5Nnn2PqcEKG4dqRP9jBxRy"
"Necklace","Susanne Elstner",2,2,100%,"halsschmuck-susanne-elstner-gold-schmuckdesign","5Nnn2PqcEKG4dqRP9jBxWc"
"Spätholz","Susanne Elstner",2,2,100%,"susanne-elstner-nr-9-brosche-holzkohle-silber","5Nnn2PqcEKG4dqRP9jBxkY"
"Spätholz>/em> [Late wood] brooch","Susanne Elstner",2,2,100%,"susanne-elstner-nr-8-brosche-holzkohle-750-gold","5Nnn2PqcEKG4dqRP9jBxfu"
"Untitled","Susanne Elstner",2,2,100%,"susanne-elstner-ring-holzkohle-silber-2","5Nnn2PqcEKG4dqRP9jBxtq"
"gleicher Ursprung","Susanne Elstner",2,2,100%,"susanne-elstner-brosche-gleicher-ursprung","5Nnn2PqcEKG4dqRP9jBx9O"
"gleicher Ursprung","Susanne Elstner",2,2,100%,"susanne-elstner-brosche-gleicher-ursprung-bernstein","5Nnn2PqcEKG4dqRP9jBxE2"
"gleicher Ursprung","Susanne Elstner",2,2,100%,"susanne-elstner-bernstein-halsschmuck-gleicher-ursprung","5Nnn2PqcEKG4dqRP9jBxIg"
"gleicher Ursprung","Susanne Elstner",2,2,100%,"susanne-elstner-halsschmuck-gleicher-ursprung","5Nnn2PqcEKG4dqRP9jBxNK"
"Untitled","Thomas Bohle",2,2,100%,"thomas-bohle-gefaess","5Nnn2PqcEKG4dqRP9jBf5u"
"Untitled","Thomas Bohle",2,2,100%,"thomas-bohle-schale","5Nnn2PqcEKG4dqRP9jBfAY"
"Vessel","Thomas Bohle",2,2,100%,"thomas-bohle-doppelwandgefaess","5Nnn2PqcEKG4dqRP9jBfFC"
"Spirale","Ulla & Martin Kaufmann",2,2,100%,"ulla-martin-kaufmann-armband","5Nnn2PqcEKG4dqRP9jCKpG"
"Glanz und Glimmer","Ute Kathrin Beck",2,2,100%,"ute-kathrin-beck-keramikkunst","hEWOpVV05Nk2Wkv6vKrq4v"
"Glanz und Glimmer","Ute Kathrin Beck",2,2,100%,"ute-kathrin-beck-gefaess-paar-glanz-und-glimmer-serie-2018","hEWOpVV05Nk2Wkv6vKrq9H"
"Glanz und Glimmer","Ute Kathrin Beck",2,2,100%,"ute-beck-gefaess-glanz-und-glimmer-serie-2018","hEWOpVV05Nk2Wkv6vKrqDd"
"Grid vases","Ute Kathrin Beck",2,2,100%,"ute-kathrin-beck-gittervasenpaar-schwarz-2015","MnHq3gipaho0Iv07wmzUZx"
"Grid vessel, 2016","Ute Kathrin Beck",2,2,100%,"ute-kathrin-beck-gitterdose-2016","MnHq3gipaho0Iv07wmzUf2"
"Grid vessels, 2017","Ute Kathrin Beck",2,2,100%,"ute-beck-gittergefaesse-2017-porzellan-auf-metall-7x14x15-cm-und-13-x10x12-cm","MnHq3gipaho0Iv07wmzUk7"
"King","Ute Kathrin Beck",2,2,100%,"ute-beck-gefaess-glanz-und-glimmer-serie-2019","hEWOpVV05Nk2Wkv6vKrprr"
"König und Dame","Ute Kathrin Beck",2,2,100%,"glanz-und-glimmer-ute-kathrin-beck","hEWOpVV05Nk2Wkv6vKrq0Z"
"Sissi","Ute Kathrin Beck",2,2,100%,"ute-kathrin-beck-keramik-sissi-serie","MnHq3gipaho0Iv07wmzUUs"
"Sissi","Ute Kathrin Beck",2,2,100%,"sissi-ute-kathrin-beck-keramik","hEWOpVV05Nk2Wkv6vKrqHz"
"Sissi","Ute Kathrin Beck",2,2,100%,"ute-kathrin-beck-keramik-sissi","hEWOpVV05Nk2Wkv6vKrqML"
"Trophy I","Ute Kathrin Beck",2,2,100%,"ute-kathrin-beck-trophy-i-und-herzvase-susanne-mansen-2019","hEWOpVV05Nk2Wkv6vKrpwD"
"Ando","Burggraf Burggraf",2,2,100%,"burggrafburggraf-ando-graphitegrey","5Nnn2PqcEKG4dqRP9jBlAA"
"Cala","Burggraf Burggraf",2,2,100%,"burggrafburggraf-cala-graphitegrey","5Nnn2PqcEKG4dqRP9jBkiI"
"Cala","Burggraf Burggraf",2,2,100%,"burggrafburggraf-calauma-birchgrey","5Nnn2PqcEKG4dqRP9jBkmw"
"Cala","Burggraf Burggraf",2,2,100%,"burggrafburggraf-cala-navy-detail","5Nnn2PqcEKG4dqRP9jBkra"
"Cala","Burggraf Burggraf",2,2,100%,"burggrafburggraf-cala-lightgrey-detail","5Nnn2PqcEKG4dqRP9jBl0s"
"Como","Burggraf Burggraf",2,2,100%,"burggrafburggraf-como-black","5Nnn2PqcEKG4dqRP9jBkZ0"
"Como","Burggraf Burggraf",2,2,100%,"burggrafburggraf-como-birchgrey-detail","5Nnn2PqcEKG4dqRP9jBkwE"
"Eve","Burggraf Burggraf",2,2,100%,"burggrafburggraf-eve-birchgrey","5Nnn2PqcEKG4dqRP9jBlEo"
"Meta MIRUM","Burggraf Burggraf",2,2,100%,"burggrafburggraf-mirumedition-meta","5Nnn2PqcEKG4dqRP9jBkGQ"
"Reto","Burggraf Burggraf",2,2,100%,"burggrafburggraf-reto-clutch-graphitgrau","5Nnn2PqcEKG4dqRP9jBkPi"
"Reto","Burggraf Burggraf",2,2,100%,"burggrafburggraf-reto-lightgrey","5Nnn2PqcEKG4dqRP9jBkde"
"Reto","Burggraf Burggraf",2,2,100%,"burggrafburggraf-reto-black-open","5Nnn2PqcEKG4dqRP9jBl5W"
"Reto MIRUM","Burggraf Burggraf",2,2,100%,"burggrafburggraf-mirum-edition-reto","5Nnn2PqcEKG4dqRP9jBkBm"
"Ball vase","neyuQ ceramics",2,2,100%,"neyuq-ceramics-quyen-mac-kugelvase-85x11cm","MnHq3gipaho0Iv07wn0ewA"
"Black bowls","neyuQ ceramics",2,2,100%,"neyuq-ceramics-quyen-mac-schwarze-schalen-unbehandelt-8x185cm","MnHq3gipaho0Iv07wn0er5"
"Black vase","neyuQ ceramics",2,2,100%,"neyuq-ceramics-quyen-mac-schwarze-vase-10x65cm","MnHq3gipaho0Iv07wn0fQe"
"Blanks","neyuQ ceramics",2,2,100%,"neyuq-ceramics-quyen-mac-rohlinge-45x11cm","MnHq3gipaho0Iv07wn0fGU"
"Bowls with effect glaze","neyuQ ceramics",2,2,100%,"neyuq-ceramics-quyen-mac-schalen-mit-effektglasur-65x11cm","MnHq3gipaho0Iv07wn0fBP"
"Mug set, 9 x 9 cm","neyuQ ceramics",2,2,100%,"neyuq-ceramics-quyen-mac-becherset-9x9cm","MnHq3gipaho0Iv07wn0em0"
"Small bowl, crystal glaze","neyuQ ceramics",2,2,100%,"neyuq-ceramics-quyen-mac-kleine-schale-kristallglasur-45x16cm","MnHq3gipaho0Iv07wn0fLZ"
"Untitled","neyuQ ceramics",2,2,100%,"neyuq-ceramics-quyen-mac-schalen-dunkel-5x18cm","MnHq3gipaho0Iv07wn0f1F"
"Untitled","neyuQ ceramics",2,2,100%,"neyuq-ceramics-quyen-mac-schalen-hell-5x18cm-4","MnHq3gipaho0Iv07wn0f6K"