"creator","profile_url","matched_via"
"Achim Gersmann","https://artaurea.de/profiles/gersmann-achim/","index"
"Aino Nebel","https://artaurea.de/profiles/nebel-aino/","index"
"Angela Huebel","","search"
"Anne Fischer","https://artaurea.de/profiles/fischer-anne/","index"
"Anne Ute Kaden","https://artaurea.de/profiles/kaden-anne-ute/","index"
"Babette von Dohnanyi","https://artaurea.de/profiles/dohnanyi-babette-von/","index"
"Barbara Nanning","https://artaurea.de/profiles/nanning-barbara/","index"
"Batho Gündra","https://artaurea.de/profiles/guendra-batho/","index"
"Beate Eismann","https://artaurea.de/profiles/eismann-beate/","index"
"Bernard Heesen","https://artaurea.de/profiles/heesen-bernard-2/","index"
"Bettina Geistlich","https://artaurea.de/profiles/geistlich-bettina/","index"
"Carl Dau","https://artaurea.de/profiles/dau-carl/","index"
"Christof Lungwitz","https://artaurea.de/profiles/lungwitz-christof/","index"
"Claudia Hoppe","https://artaurea.de/profiles/hoppe-claudia/","index"
"Corinna Heller","https://artaurea.de/profiles/heller-corinna/","index"
"Deok Ho Kim","https://artaurea.de/profiles/kim-deok-ho-2/","index"
"Dominique Labordery","https://artaurea.de/profiles/labordery-dominique-2/","index"
"Dong-Hyun Kim","https://artaurea.de/profiles/kim-dong-hyun/","index"
"Dorothea Brill","https://artaurea.de/profiles/brill-dorothea/","index"
"Felicia Mülbaier","https://artaurea.de/profiles/muelbaier-felicia/","index"
"Felix Mueller","","search"
"Fine Light","https://artaurea.de/profiles/fine-light/","index"
"Friedemann Buehler","","search"
"Friedrich Becker","https://artaurea.de/profiles/becker-friedrich/","index"
"Gigi Mariani","https://artaurea.de/profiles/mariani-gigi/","index"
"Gottfried Palatin","https://artaurea.de/profiles/palatin-gottfried/","index"
"Hans Coper","https://artaurea.de/profiles/coper-hans/","index"
"Heide Nonnenmacher","https://artaurea.de/profiles/nonnenmacher-heide/","index"
"Henrich & Denzel","https://artaurea.de/profiles/henrich-denzel/","index"
"In Hwa Lee","https://artaurea.de/profiles/lee-in-hwa/","index"
"Iris Merkle","https://artaurea.de/profiles/merkle-iris/","index"
"Isezaki Jun","https://artaurea.de/profiles/jun-isezaki/","index"
"Jeong Won Lee","https://artaurea.de/profiles/lee-jeong-won/","index"
"Johanna Otto","https://artaurea.de/profiles/otto-johanna/","index"
"Johannes Nagel","https://artaurea.de/profiles/nagel-johannes/","index"
"Joo Hyung Park","https://artaurea.de/profiles/park-joo-hyung/","index"
"Josephine Lützel","https://artaurea.de/profiles/luetzel-josephine/","index"
"Kap Sun Hwang","https://artaurea.de/profiles/hwang-kap-sun/","index"
"Kay Eppi Nölke","https://artaurea.de/profiles/noelke-kay-eppi/","index"
"Koichi Io","https://artaurea.de/profiles/io-koichi/","index"
"Kristiina Karinen","https://artaurea.de/profiles/karinen-kristiina/","index"
"Leen Heyne","https://artaurea.de/profiles/heyne-leen/","index"
"Lut Laleman","https://artaurea.de/profiles/laleman-lut/","index"
"Manu Schmuck","https://artaurea.de/profiles/manu-schmuck/","index"
"Martina Dempf","https://artaurea.de/profiles/dempf-martina/","index"
"Morten Lobner Espersen","https://artaurea.de/profiles/lobner-espersen-morten/","index"
"Niessing Wedding Rings","","search"
"Patrizia Bonati","https://artaurea.de/profiles/bonati-patrizia/","index"
"Ria Lins","https://artaurea.de/profiles/lins-ria/","index"
"Ritsue Mishima","https://artaurea.de/profiles/mishima-ritsue-2/","index"
"Sabine Lintzen","https://artaurea.de/profiles/lintzen-sabine/","index"
"Sabine Müller","https://artaurea.de/profiles/mueller-sabine/","index"
"Simon Freund","https://artaurea.de/profiles/freund-simon/","index"
"Sofia Beilharz","https://artaurea.de/profiles/beilharz-sofia/","index"
"Susanna Kuschek","https://artaurea.de/profiles/kuschek-susanna/","index"
"Tanja Friedrichs","https://artaurea.de/profiles/friedrichs-tanja/","index"
"Tomáš Hlavička","https://artaurea.de/profiles/hlavicka-tomas/","index"
"Ulla & Martin Kaufmann","https://artaurea.de/profiles/kaufmann-ulla-martin/","index"
"Ulrike Isensee","https://artaurea.de/profiles/isensee-ulrike/","index"
"Ulrike Maeder","","search"
"Ute Kathrin Beck","https://artaurea.de/profiles/beck-ute-kathrin-2/","index"
"burggrafburggraf","https://artaurea.de/profiles/burggrafburggraf/","index"